{"v":"5.7.0","fr":60,"ip":5,"op":65,"w":132,"h":132,"nm":"BodyMovin Export","ddd":0,"assets":[{"id":"comp_0","layers":[{"ddd":0,"ind":1,"ty":3,"nm":"scl_CTRL","sr":1,"ks":{"o":{"a":0,"k":0,"ix":11},"r":{"a":0,"k":0,"ix":10},"p":{"a":0,"k":[528,528,0],"ix":2},"a":{"a":0,"k":[0,0,0],"ix":1},"s":{"a":1,"k":[{"i":{"x":[0.833,0.833,0.833],"y":[1,1,1]},"o":{"x":[0.167,0.167,0.167],"y":[0,0,0]},"t":-6,"s":[0.179,0.179,100],"e":[0,0,100]},{"i":{"x":[0.333,0.333,0.667],"y":[0.996,0.996,1]},"o":{"x":[0.044,0.044,0.167],"y":[0.033,0.033,0]},"t":-1,"s":[0,0,100],"e":[100,100,100]},{"i":{"x":[0.833,0.833,0.833],"y":[1,1,1685.783]},"o":{"x":[0.333,0.333,0.333],"y":[0,0,0]},"t":12,"s":[100,100,100],"e":[100,100,100]},{"i":{"x":[0.931,0.931,0.833],"y":[0.738,0.738,2.508]},"o":{"x":[0.652,0.652,0.333],"y":[0.035,0.035,0]},"t":21,"s":[100,100,100],"e":[12,12,100]},{"t":40}],"ix":6}},"ao":0,"ip":0,"op":59,"st":-6,"bm":0},{"ddd":0,"ind":2,"ty":0,"nm":"gleam","parent":1,"refId":"comp_1","sr":1.1025641025641,"ks":{"o":{"a":0,"k":100,"ix":11},"r":{"a":0,"k":0,"ix":10},"p":{"a":0,"k":[0,0,0],"ix":2},"a":{"a":0,"k":[528,528,0],"ix":1},"s":{"a":0,"k":[100,100,100],"ix":6}},"ao":0,"w":1056,"h":1056,"ip":0,"op":40,"st":-6.51282051282051,"bm":0},{"ddd":0,"ind":3,"ty":4,"nm":"4stars Outlines","parent":1,"sr":1.1025641025641,"ks":{"o":{"a":0,"k":100,"ix":11},"r":{"a":1,"k":[{"i":{"x":[0.734],"y":[1.005]},"o":{"x":[0.68],"y":[0]},"t":-1,"s":[-50],"e":[50]},{"t":40.0009311621358}],"ix":10},"p":{"a":0,"k":[0,0,0],"ix":2},"a":{"a":0,"k":[309,309,0],"ix":1},"s":{"a":0,"k":[132.8,132.8,100],"ix":6}},"ao":0,"shapes":[{"ty":"gr","it":[{"ind":0,"ty":"sh","ix":1,"ks":{"a":0,"k":{"i":[[0,0],[0,0],[0,0],[0,0],[0,0],[0,0],[0,0],[0,0],[0,0],[0,0]],"o":[[0,0],[0,0],[0,0],[0,0],[0,0],[0,0],[0,0],[0,0],[0,0],[0,0]],"v":[[0,-44.285],[15.281,-14.539],[46.564,-10.461],[24.727,14.531],[28.781,44.285],[0,32.496],[-28.775,44.285],[-24.721,14.531],[-46.564,-10.461],[-15.281,-14.539]],"c":true},"ix":2},"nm":"Path 1","mn":"ADBE Vector Shape - Group","hd":false},{"ty":"fl","c":{"a":0,"k":[0.941000007181,0.125,0,1],"ix":4},"o":{"a":0,"k":100,"ix":5},"r":1,"bm":0,"nm":"Fill 1","mn":"ADBE Vector Graphic - Fill","hd":false},{"ty":"tr","p":{"a":0,"k":[395.894,385.295],"ix":2},"a":{"a":0,"k":[0,0],"ix":1},"s":{"a":0,"k":[100,100],"ix":3},"r":{"a":0,"k":0,"ix":6},"o":{"a":0,"k":100,"ix":7},"sk":{"a":0,"k":0,"ix":4},"sa":{"a":0,"k":0,"ix":5},"nm":"Transform"}],"nm":"Group 1","np":2,"cix":2,"bm":0,"ix":1,"mn":"ADBE Vector Group","hd":false},{"ty":"gr","it":[{"ind":0,"ty":"sh","ix":1,"ks":{"a":0,"k":{"i":[[0,0],[0,0],[0,0],[0,0],[0,0],[0,0],[0,0],[0,0],[0,0],[0,0]],"o":[[0,0],[0,0],[0,0],[0,0],[0,0],[0,0],[0,0],[0,0],[0,0],[0,0]],"v":[[0,-44.285],[15.281,-14.539],[46.564,-10.461],[24.727,14.531],[28.781,44.285],[0,32.496],[-28.775,44.285],[-24.721,14.531],[-46.564,-10.461],[-15.281,-14.539]],"c":true},"ix":2},"nm":"Path 1","mn":"ADBE Vector Shape - Group","hd":false},{"ty":"fl","c":{"a":0,"k":[0.941000007181,0.125,0,1],"ix":4},"o":{"a":0,"k":100,"ix":5},"r":1,"bm":0,"nm":"Fill 1","mn":"ADBE Vector Graphic - Fill","hd":false},{"ty":"tr","p":{"a":0,"k":[241.394,385.295],"ix":2},"a":{"a":0,"k":[0,0],"ix":1},"s":{"a":0,"k":[100,100],"ix":3},"r":{"a":0,"k":0,"ix":6},"o":{"a":0,"k":100,"ix":7},"sk":{"a":0,"k":0,"ix":4},"sa":{"a":0,"k":0,"ix":5},"nm":"Transform"}],"nm":"Group 2","np":2,"cix":2,"bm":0,"ix":2,"mn":"ADBE Vector Group","hd":false},{"ty":"gr","it":[{"ind":0,"ty":"sh","ix":1,"ks":{"a":0,"k":{"i":[[0,0],[0,0],[0,0],[0,0],[0,0],[0,0],[0,0],[0,0],[0,0],[0,0]],"o":[[0,0],[0,0],[0,0],[0,0],[0,0],[0,0],[0,0],[0,0],[0,0],[0,0]],"v":[[0,-44.285],[15.281,-14.533],[46.564,-10.455],[24.727,14.533],[28.781,44.285],[0,32.496],[-28.775,44.285],[-24.721,14.533],[-46.564,-10.455],[-15.281,-14.533]],"c":true},"ix":2},"nm":"Path 1","mn":"ADBE Vector Shape - Group","hd":false},{"ty":"fl","c":{"a":0,"k":[0.941000007181,0.125,0,1],"ix":4},"o":{"a":0,"k":100,"ix":5},"r":1,"bm":0,"nm":"Fill 1","mn":"ADBE Vector Graphic - Fill","hd":false},{"ty":"tr","p":{"a":0,"k":[373.394,215.793],"ix":2},"a":{"a":0,"k":[0,0],"ix":1},"s":{"a":0,"k":[100,100],"ix":3},"r":{"a":0,"k":0,"ix":6},"o":{"a":0,"k":100,"ix":7},"sk":{"a":0,"k":0,"ix":4},"sa":{"a":0,"k":0,"ix":5},"nm":"Transform"}],"nm":"Group 3","np":2,"cix":2,"bm":0,"ix":3,"mn":"ADBE Vector Group","hd":false},{"ty":"gr","it":[{"ind":0,"ty":"sh","ix":1,"ks":{"a":0,"k":{"i":[[0,0],[0,0],[0,0],[0,0],[0,0],[0,0],[0,0],[0,0],[0,0],[0,0]],"o":[[0,0],[0,0],[0,0],[0,0],[0,0],[0,0],[0,0],[0,0],[0,0],[0,0]],"v":[[0,-44.285],[15.281,-14.533],[46.564,-10.455],[24.727,14.533],[28.781,44.285],[0,32.496],[-28.775,44.285],[-24.721,14.533],[-46.564,-10.455],[-15.281,-14.533]],"c":true},"ix":2},"nm":"Path 1","mn":"ADBE Vector Shape - Group","hd":false},{"ty":"fl","c":{"a":0,"k":[0.941000007181,0.125,0,1],"ix":4},"o":{"a":0,"k":100,"ix":5},"r":1,"bm":0,"nm":"Fill 1","mn":"ADBE Vector Graphic - Fill","hd":false},{"ty":"tr","p":{"a":0,"k":[218.894,215.793],"ix":2},"a":{"a":0,"k":[0,0],"ix":1},"s":{"a":0,"k":[100,100],"ix":3},"r":{"a":0,"k":0,"ix":6},"o":{"a":0,"k":100,"ix":7},"sk":{"a":0,"k":0,"ix":4},"sa":{"a":0,"k":0,"ix":5},"nm":"Transform"}],"nm":"Group 4","np":2,"cix":2,"bm":0,"ix":4,"mn":"ADBE Vector Group","hd":false}],"ip":0,"op":40,"st":-25.2564102564103,"bm":0},{"ddd":0,"ind":4,"ty":4,"nm":"dragon_ball","parent":1,"sr":1.1025641025641,"ks":{"o":{"a":0,"k":100,"ix":11},"r":{"a":0,"k":0,"ix":10},"p":{"a":0,"k":[0,0,0],"ix":2},"a":{"a":0,"k":[309,309,0],"ix":1},"s":{"a":0,"k":[132.84,132.84,100],"ix":6}},"ao":0,"shapes":[{"ty":"gr","it":[{"ind":0,"ty":"sh","ix":1,"ks":{"a":0,"k":{"i":[[154.682,0],[0,-154.677],[-154.676,0],[0,154.678]],"o":[[-154.676,0],[0,154.678],[154.682,0],[0,-154.677]],"v":[[-0.003,-280.069],[-280.069,-0.001],[-0.003,280.069],[280.069,-0.001]],"c":true},"ix":2},"nm":"Path 1","mn":"ADBE Vector Shape - Group","hd":false},{"ty":"st","c":{"a":0,"k":[0.987999949736,0.620000023935,0.246999987434,1],"ix":3},"o":{"a":0,"k":100,"ix":4},"w":{"a":0,"k":3.96,"ix":5},"lc":2,"lj":2,"bm":0,"nm":"Stroke 1","mn":"ADBE Vector Graphic - Stroke","hd":false},{"ty":"tr","p":{"a":0,"k":[308.504,308.504],"ix":2},"a":{"a":0,"k":[0,0],"ix":1},"s":{"a":0,"k":[100,100],"ix":3},"r":{"a":0,"k":0,"ix":6},"o":{"a":1,"k":[{"i":{"x":[0.833],"y":[0.833]},"o":{"x":[0.167],"y":[0.167]},"t":35,"s":[100],"e":[0]},{"t":40.9999772887284}],"ix":7},"sk":{"a":0,"k":0,"ix":4},"sa":{"a":0,"k":0,"ix":5},"nm":"Transform"}],"nm":"Group 1","np":2,"cix":2,"bm":0,"ix":1,"mn":"ADBE Vector Group","hd":false},{"ty":"gr","it":[{"ind":0,"ty":"sh","ix":1,"ks":{"a":0,"k":{"i":[[-27.861,-22.973],[14.362,-17.42],[27.868,22.975],[-14.361,17.422]],"o":[[27.861,22.977],[-14.367,17.42],[-27.861,-22.973],[14.367,-17.422]],"v":[[26.007,-31.542],[50.452,41.599],[-26.013,31.544],[-50.452,-41.597]],"c":true},"ix":2},"nm":"Path 1","mn":"ADBE Vector Shape - Group","hd":false},{"ty":"fl","c":{"a":0,"k":[1,0.834999952129,0.501999978458,1],"ix":4},"o":{"a":0,"k":100,"ix":5},"r":1,"bm":0,"nm":"Fill 1","mn":"ADBE Vector Graphic - Fill","hd":false},{"ty":"tr","p":{"a":0,"k":[449.604,141.532],"ix":2},"a":{"a":0,"k":[0,0],"ix":1},"s":{"a":0,"k":[100,100],"ix":3},"r":{"a":0,"k":0,"ix":6},"o":{"a":1,"k":[{"i":{"x":[0.833],"y":[0.833]},"o":{"x":[0.167],"y":[0.167]},"t":35,"s":[100],"e":[0]},{"t":40.9999772887284}],"ix":7},"sk":{"a":0,"k":0,"ix":4},"sa":{"a":0,"k":0,"ix":5},"nm":"Transform"}],"nm":"Group 2","np":4,"cix":2,"bm":0,"ix":2,"mn":"ADBE Vector Group","hd":false},{"ty":"gr","it":[{"ind":0,"ty":"sh","ix":1,"ks":{"a":0,"k":{"i":[[143.467,0],[0,143.461],[-143.455,0],[0,-143.465]],"o":[[-143.455,0],[0,-143.465],[143.467,0],[0,143.461]],"v":[[-5.88,264.263],[-265.632,4.505],[-5.88,-255.257],[253.884,4.505]],"c":true},"ix":2},"nm":"Path 1","mn":"ADBE Vector Shape - Group","hd":false},{"ind":1,"ty":"sh","ix":2,"ks":{"a":0,"k":{"i":[[154.682,0],[0,-154.677],[-154.676,0],[0,154.678]],"o":[[-154.676,0],[0,154.678],[154.682,0],[0,-154.677]],"v":[[-0.003,-280.068],[-280.069,-0.001],[-0.003,280.068],[280.069,-0.001]],"c":true},"ix":2},"nm":"Path 2","mn":"ADBE Vector Shape - Group","hd":false},{"ty":"mm","mm":1,"nm":"Merge Paths 1","mn":"ADBE Vector Filter - Merge","hd":false},{"ty":"fl","c":{"a":0,"k":[1,0.834999952129,0.501999978458,1],"ix":4},"o":{"a":0,"k":100,"ix":5},"r":1,"bm":0,"nm":"Fill 1","mn":"ADBE Vector Graphic - Fill","hd":false},{"ty":"tr","p":{"a":0,"k":[308.504,308.504],"ix":2},"a":{"a":0,"k":[0,0],"ix":1},"s":{"a":0,"k":[100,100],"ix":3},"r":{"a":0,"k":0,"ix":6},"o":{"a":1,"k":[{"i":{"x":[0.833],"y":[0.833]},"o":{"x":[0.167],"y":[0.167]},"t":35,"s":[100],"e":[0]},{"t":40.9999772887284}],"ix":7},"sk":{"a":0,"k":0,"ix":4},"sa":{"a":0,"k":0,"ix":5},"nm":"Transform"}],"nm":"Group 3","np":6,"cix":2,"bm":0,"ix":3,"mn":"ADBE Vector Group","hd":false},{"ty":"gr","it":[{"ind":0,"ty":"sh","ix":1,"ks":{"a":0,"k":{"i":[[0,-90.76],[90.756,0],[0,90.756],[-90.762,0]],"o":[[0,90.756],[-90.762,0],[0,-90.76],[90.756,0]],"v":[[164.329,0.001],[0.003,164.331],[-164.329,0.001],[0.003,-164.331]],"c":true},"ix":2},"nm":"Path 1","mn":"ADBE Vector Shape - Group","hd":false},{"ty":"fl","c":{"a":1,"k":[{"i":{"x":[0.833],"y":[0.833]},"o":{"x":[0.167],"y":[0.167]},"t":35,"s":[1,0.57599995931,0.149000010771,1],"e":[0.8784314394,0.141176477075,0.368627458811,1]},{"t":38.9999318661852}],"ix":4},"o":{"a":0,"k":100,"ix":5},"r":1,"bm":0,"nm":"Fill 1","mn":"ADBE Vector Graphic - Fill","hd":false},{"ty":"tr","p":{"a":0,"k":[331.613,365.714],"ix":2},"a":{"a":0,"k":[0,0],"ix":1},"s":{"a":0,"k":[100,100],"ix":3},"r":{"a":0,"k":0,"ix":6},"o":{"a":0,"k":100,"ix":7},"sk":{"a":0,"k":0,"ix":4},"sa":{"a":0,"k":0,"ix":5},"nm":"Transform"}],"nm":"Group 5","np":4,"cix":2,"bm":0,"ix":4,"mn":"ADBE Vector Group","hd":false},{"ty":"gr","it":[{"ind":0,"ty":"sh","ix":1,"ks":{"a":0,"k":{"i":[[69.791,106.424],[-6.732,1.151],[0,0],[-79.149,92.222],[35.057,8.821],[0,0],[0,0],[-5.144,-67.375],[226.606,-55.327]],"o":[[22.266,19.156],[-27.228,-13.127],[0,0],[59.449,-156.102],[55.154,-4.455],[-38.607,-62.34],[138.012,-17.387],[0,0],[0,0]],"v":[[-225.613,135.909],[-125.623,170.321],[-179.828,121.554],[73.315,89.554],[13.754,-163.568],[104.053,-129.603],[-32.828,-224.946],[182.457,-39.696],[-0.993,216.388]],"c":true},"ix":2},"nm":"Path 1","mn":"ADBE Vector Shape - Group","hd":false},{"ty":"fl","c":{"a":1,"k":[{"i":{"x":[0.833],"y":[0.833]},"o":{"x":[0.167],"y":[0.167]},"t":35,"s":[1,0.752999997606,0.180000005984,1],"e":[0.8784314394,0.141176477075,0.368627458811,1]},{"t":39.9999545774568}],"ix":4},"o":{"a":0,"k":100,"ix":5},"r":1,"bm":0,"nm":"Fill 1","mn":"ADBE Vector Graphic - Fill","hd":false},{"ty":"tr","p":{"a":0,"k":[358.104,351.218],"ix":2},"a":{"a":0,"k":[0,0],"ix":1},"s":{"a":0,"k":[100,100],"ix":3},"r":{"a":0,"k":0,"ix":6},"o":{"a":0,"k":100,"ix":7},"sk":{"a":0,"k":0,"ix":4},"sa":{"a":0,"k":0,"ix":5},"nm":"Transform"}],"nm":"Group 6","np":4,"cix":2,"bm":0,"ix":5,"mn":"ADBE Vector Group","hd":false},{"ty":"gr","it":[{"ind":0,"ty":"sh","ix":1,"ks":{"a":0,"k":{"i":[[0,-154.678],[154.681,0],[0,154.678],[-154.676,0]],"o":[[0,154.678],[-154.676,0],[0,-154.678],[154.681,0]],"v":[[280.069,0],[-0.003,280.068],[-280.069,0],[-0.003,-280.068]],"c":true},"ix":2},"nm":"Path 1","mn":"ADBE Vector Shape - Group","hd":false},{"ty":"fl","c":{"a":1,"k":[{"i":{"x":[0.833],"y":[0.833]},"o":{"x":[0.167],"y":[0.167]},"t":35,"s":[1,0.670999983245,0.180000005984,1],"e":[0.8784314394,0.141176477075,0.368627458811,1]},{"t":39.9999545774568}],"ix":4},"o":{"a":0,"k":100,"ix":5},"r":1,"bm":0,"nm":"Fill 1","mn":"ADBE Vector Graphic - Fill","hd":false},{"ty":"tr","p":{"a":0,"k":[308.504,308.504],"ix":2},"a":{"a":0,"k":[0,0],"ix":1},"s":{"a":0,"k":[100,100],"ix":3},"r":{"a":0,"k":0,"ix":6},"o":{"a":0,"k":100,"ix":7},"sk":{"a":0,"k":0,"ix":4},"sa":{"a":0,"k":0,"ix":5},"nm":"Transform"}],"nm":"Group 7","np":4,"cix":2,"bm":0,"ix":6,"mn":"ADBE Vector Group","hd":false}],"ip":0,"op":40,"st":-48.4102564102564,"bm":0},{"ddd":0,"ind":5,"ty":0,"nm":"stars_comp","refId":"comp_3","sr":1,"ks":{"o":{"a":0,"k":100,"ix":11},"r":{"a":0,"k":0,"ix":10},"p":{"a":0,"k":[528,528,0],"ix":2},"a":{"a":0,"k":[528,528,0],"ix":1},"s":{"a":1,"k":[{"i":{"x":[0.667,0.667,0.667],"y":[1,1,1]},"o":{"x":[0.333,0.333,0.333],"y":[0,0,0]},"t":-1,"s":[15,15,100],"e":[100,100,100]},{"t":12}],"ix":6}},"ao":0,"w":1056,"h":1056,"ip":0,"op":53,"st":-6,"bm":0},{"ddd":0,"ind":6,"ty":4,"nm":"Ending Heart","sr":1,"ks":{"o":{"a":0,"k":100,"ix":11},"r":{"a":0,"k":0,"ix":10},"p":{"a":0,"k":[528,528,0],"ix":2},"a":{"a":0,"k":[12,12,0],"ix":1},"s":{"a":1,"k":[{"i":{"x":[0.377,0.377,0.667],"y":[1.002,1.002,1]},"o":{"x":[0.167,0.167,0.167],"y":[0.167,0.167,0.022]},"t":40,"s":[767.646,767.646,100],"e":[2034.689,2034.689,100]},{"i":{"x":[0.667,0.667,0.667],"y":[1,1,1]},"o":{"x":[0.446,0.446,0.333],"y":[0,0,0]},"t":56,"s":[2034.689,2034.689,100],"e":[1960,1960,100]},{"t":65}],"ix":6}},"ao":0,"shapes":[{"ind":0,"ty":"sh","ix":1,"ks":{"a":0,"k":{"i":[[0,0],[0,0],[0,6.378],[-2.878,0],[-0.816,-1.15],[-2.291,0],[0,-3.065],[2.583,-0.047],[0,0]],"o":[[0,0],[-2.583,-0.048],[0,-3.064],[2.29,0],[0.814,-1.148],[2.88,0],[0,6.376],[0,0],[0,0]],"v":[[12,21.457],[11.986,21.457],[1.95,8.297],[7.353,2.543],[11.999,5.273],[16.644,2.543],[22.048,8.298],[12.011,21.455],[12,21.455]],"c":true},"ix":2},"nm":"Heart Path","mn":"ADBE Vector Shape - Group","hd":false},{"ty":"fl","c":{"a":0,"k":[0.878431379795,0.141176477075,0.368627458811,1],"ix":4},"o":{"a":0,"k":100,"ix":5},"r":1,"bm":0,"nm":"Fill 1","mn":"ADBE Vector Graphic - Fill","hd":false}],"ip":40,"op":60,"st":-42,"bm":0}]},{"id":"comp_1","layers":[{"ddd":0,"ind":1,"ty":4,"nm":"dragon_ball Outlines","td":1,"sr":1,"ks":{"o":{"a":0,"k":100,"ix":11},"r":{"a":0,"k":-0.208,"ix":10},"p":{"a":0,"k":[528,528,0],"ix":2},"a":{"a":0,"k":[309,309,0],"ix":1},"s":{"a":0,"k":[132.84,132.84,100],"ix":6}},"ao":0,"shapes":[{"ty":"gr","it":[{"ind":0,"ty":"sh","ix":1,"ks":{"a":0,"k":{"i":[[154.682,0],[0,-154.677],[-154.676,0],[0,154.678]],"o":[[-154.676,0],[0,154.678],[154.682,0],[0,-154.677]],"v":[[-0.003,-280.069],[-280.069,-0.001],[-0.003,280.069],[280.069,-0.001]],"c":true},"ix":2},"nm":"Path 1","mn":"ADBE Vector Shape - Group","hd":false},{"ty":"st","c":{"a":0,"k":[0.987999949736,0.620000023935,0.246999987434,1],"ix":3},"o":{"a":0,"k":100,"ix":4},"w":{"a":0,"k":3.96,"ix":5},"lc":2,"lj":2,"bm":0,"nm":"Stroke 1","mn":"ADBE Vector Graphic - Stroke","hd":false},{"ty":"tr","p":{"a":0,"k":[308.504,308.504],"ix":2},"a":{"a":0,"k":[0,0],"ix":1},"s":{"a":0,"k":[100,100],"ix":3},"r":{"a":0,"k":0,"ix":6},"o":{"a":0,"k":100,"ix":7},"sk":{"a":0,"k":0,"ix":4},"sa":{"a":0,"k":0,"ix":5},"nm":"Transform"}],"nm":"Group 1","np":2,"cix":2,"bm":0,"ix":1,"mn":"ADBE Vector Group","hd":false},{"ty":"gr","it":[{"ind":0,"ty":"sh","ix":1,"ks":{"a":0,"k":{"i":[[0,-154.678],[154.681,0],[0,154.678],[-154.676,0]],"o":[[0,154.678],[-154.676,0],[0,-154.678],[154.681,0]],"v":[[280.069,0],[-0.003,280.068],[-280.069,0],[-0.003,-280.068]],"c":true},"ix":2},"nm":"Path 1","mn":"ADBE Vector Shape - Group","hd":false},{"ty":"fl","c":{"a":0,"k":[1,0.670999983245,0.180000005984,1],"ix":4},"o":{"a":0,"k":100,"ix":5},"r":1,"bm":0,"nm":"Fill 1","mn":"ADBE Vector Graphic - Fill","hd":false},{"ty":"tr","p":{"a":0,"k":[308.504,308.504],"ix":2},"a":{"a":0,"k":[0,0],"ix":1},"s":{"a":0,"k":[100,100],"ix":3},"r":{"a":0,"k":0,"ix":6},"o":{"a":0,"k":100,"ix":7},"sk":{"a":0,"k":0,"ix":4},"sa":{"a":0,"k":0,"ix":5},"nm":"Transform"}],"nm":"Group 7","np":4,"cix":2,"bm":0,"ix":2,"mn":"ADBE Vector Group","hd":false}],"ip":5,"op":44,"st":-38,"bm":0},{"ddd":0,"ind":2,"ty":0,"nm":"gleam shapes","tt":1,"refId":"comp_2","sr":1,"ks":{"o":{"a":1,"k":[{"i":{"x":[0.833],"y":[0.833]},"o":{"x":[0.167],"y":[0.167]},"t":5,"s":[40],"e":[100]},{"i":{"x":[0.833],"y":[0.833]},"o":{"x":[0.167],"y":[0.167]},"t":20,"s":[100],"e":[40]},{"t":44}],"ix":11},"r":{"a":0,"k":0,"ix":10},"p":{"a":0,"k":[528,528,0],"ix":2},"a":{"a":0,"k":[528,528,0],"ix":1},"s":{"a":1,"k":[{"i":{"x":[0.833,0.833,0.833],"y":[0.833,0.833,0.833]},"o":{"x":[0.167,0.167,0.167],"y":[0.167,0.167,0.167]},"t":5,"s":[108,108,100],"e":[198,198,100]},{"i":{"x":[0.833,0.833,0.833],"y":[0.833,0.833,0.833]},"o":{"x":[0.167,0.167,0.167],"y":[0.167,0.167,0.167]},"t":20,"s":[198,198,100],"e":[108.25,108.25,100]},{"i":{"x":[0.833,0.833,0.833],"y":[0.833,0.833,0.833]},"o":{"x":[0.167,0.167,0.167],"y":[0.167,0.167,0.167]},"t":30,"s":[108.25,108.25,100],"e":[113,113,100]},{"t":44}],"ix":6}},"ao":0,"w":1056,"h":1056,"ip":0,"op":65,"st":0,"bm":0}]},{"id":"comp_2","layers":[{"ddd":0,"ind":1,"ty":4,"nm":"Shape Layer 1","sr":1,"ks":{"o":{"a":0,"k":100,"ix":11},"r":{"a":0,"k":0,"ix":10},"p":{"a":0,"k":[461,699,0],"ix":2},"a":{"a":0,"k":[0,0,0],"ix":1},"s":{"a":0,"k":[106,106,100],"ix":6}},"ao":0,"shapes":[{"ty":"gr","it":[{"ind":0,"ty":"sh","ix":1,"ks":{"a":1,"k":[{"i":{"x":0.472,"y":0.114},"o":{"x":0.167,"y":0.167},"t":0,"s":[{"i":[[172.919,209.425],[-199.171,138.957],[-172,-240]],"o":[[-90,-109],[129,-90],[172,240]],"v":[[-251,44],[-166,-477],[379,-388]],"c":false}],"e":[{"i":[[-210.783,171.261],[-209.044,123.283],[-165.566,54.783]],"o":[[32,-26],[156,-92],[272,-90]],"v":[[-251,44],[55,-187],[428,-343]],"c":false}]},{"i":{"x":0,"y":1},"o":{"x":0.532,"y":0.905},"t":19,"s":[{"i":[[-210.783,171.261],[-209.044,123.283],[-165.566,54.783]],"o":[[32,-26],[156,-92],[272,-90]],"v":[[-251,44],[55,-187],[428,-343]],"c":false}],"e":[{"i":[[-60.037,-78.004],[-209.107,123.499],[94.084,136.342]],"o":[[137,178],[149,-88],[-118,-171]],"v":[[-251,44],[286,144],[414,-336]],"c":false}]},{"t":48}],"ix":2},"nm":"Path 1","mn":"ADBE Vector Shape - Group","hd":false},{"ty":"st","c":{"a":0,"k":[1,1,1,1],"ix":3},"o":{"a":0,"k":100,"ix":4},"w":{"a":0,"k":50,"ix":5},"lc":1,"lj":1,"ml":4,"bm":0,"nm":"Stroke 1","mn":"ADBE Vector Graphic - Stroke","hd":false},{"ty":"tr","p":{"a":0,"k":[0,0],"ix":2},"a":{"a":0,"k":[0,0],"ix":1},"s":{"a":0,"k":[100,100],"ix":3},"r":{"a":0,"k":0,"ix":6},"o":{"a":0,"k":100,"ix":7},"sk":{"a":0,"k":0,"ix":4},"sa":{"a":0,"k":0,"ix":5},"nm":"Transform"}],"nm":"Shape 1","np":3,"cix":2,"bm":0,"ix":1,"mn":"ADBE Vector Group","hd":false}],"ip":0,"op":44,"st":0,"bm":0},{"ddd":0,"ind":2,"ty":4,"nm":"Shape Layer 2","sr":1,"ks":{"o":{"a":0,"k":100,"ix":11},"r":{"a":0,"k":0,"ix":10},"p":{"a":0,"k":[461,699,0],"ix":2},"a":{"a":0,"k":[0,0,0],"ix":1},"s":{"a":0,"k":[106,106,100],"ix":6}},"ao":0,"shapes":[{"ty":"gr","it":[{"ind":0,"ty":"sh","ix":1,"ks":{"a":1,"k":[{"i":{"x":0.472,"y":0.114},"o":{"x":0.167,"y":0.167},"t":0,"s":[{"i":[[172.919,209.425],[-199.171,138.957],[-172,-240]],"o":[[-90,-109],[129,-90],[172,240]],"v":[[-251,44],[-166,-477],[379,-388]],"c":false}],"e":[{"i":[[-210.783,171.261],[-209.044,123.283],[-165.566,54.783]],"o":[[32,-26],[156,-92],[272,-90]],"v":[[-251,44],[55,-187],[428,-343]],"c":false}]},{"i":{"x":0,"y":1},"o":{"x":0.532,"y":0.905},"t":19,"s":[{"i":[[-210.783,171.261],[-209.044,123.283],[-165.566,54.783]],"o":[[32,-26],[156,-92],[272,-90]],"v":[[-251,44],[55,-187],[428,-343]],"c":false}],"e":[{"i":[[-60.037,-78.004],[-209.107,123.499],[94.084,136.342]],"o":[[137,178],[149,-88],[-118,-171]],"v":[[-251,44],[286,144],[414,-336]],"c":false}]},{"t":48}],"ix":2},"nm":"Path 1","mn":"ADBE Vector Shape - Group","hd":false},{"ty":"st","c":{"a":0,"k":[1,0.96696657667,0.298039185767,1],"ix":3},"o":{"a":0,"k":100,"ix":4},"w":{"a":0,"k":100,"ix":5},"lc":1,"lj":1,"ml":4,"bm":0,"nm":"Stroke 1","mn":"ADBE Vector Graphic - Stroke","hd":false},{"ty":"tr","p":{"a":0,"k":[0,0],"ix":2},"a":{"a":0,"k":[0,0],"ix":1},"s":{"a":0,"k":[100,100],"ix":3},"r":{"a":0,"k":0,"ix":6},"o":{"a":0,"k":100,"ix":7},"sk":{"a":0,"k":0,"ix":4},"sa":{"a":0,"k":0,"ix":5},"nm":"Transform"}],"nm":"Shape 1","np":3,"cix":2,"bm":0,"ix":1,"mn":"ADBE Vector Group","hd":false}],"ip":0,"op":44,"st":0,"bm":0}]},{"id":"comp_3","layers":[{"ddd":0,"ind":1,"ty":3,"nm":"star6_null","sr":1,"ks":{"o":{"a":1,"k":[{"i":{"x":[0.833],"y":[0.833]},"o":{"x":[0.167],"y":[0.167]},"t":11,"s":[20],"e":[100]},{"i":{"x":[0.833],"y":[0.833]},"o":{"x":[0.167],"y":[0.167]},"t":25,"s":[100],"e":[100]},{"i":{"x":[0.833],"y":[0.833]},"o":{"x":[0.167],"y":[0.167]},"t":43,"s":[100],"e":[20]},{"t":64}],"ix":11},"r":{"a":1,"k":[{"i":{"x":[0.833],"y":[0.833]},"o":{"x":[0.167],"y":[0.167]},"t":18,"s":[-6],"e":[1.641]},{"i":{"x":[0.833],"y":[0.833]},"o":{"x":[0.167],"y":[0.167]},"t":26,"s":[1.641],"e":[5.333]},{"i":{"x":[0.833],"y":[0.833]},"o":{"x":[0.167],"y":[0.167]},"t":44,"s":[5.333],"e":[13]},{"t":57}],"ix":10},"p":{"a":1,"k":[{"i":{"x":0.667,"y":1},"o":{"x":0.167,"y":0.167},"t":18,"s":[104.5,798.239,0],"e":[62.5,820.239,0],"to":[-7,3.667,0],"ti":[7,-3.667,0]},{"t":57}],"ix":2},"a":{"a":0,"k":[0,0,0],"ix":1},"s":{"a":1,"k":[{"i":{"x":[0.18,0.18,0.667],"y":[1,1,1]},"o":{"x":[0.167,0.167,0.167],"y":[0.167,0.167,16.667]},"t":18,"s":[0,0,100],"e":[100,100,100]},{"i":{"x":[0.667,0.667,0.667],"y":[1,1,1]},"o":{"x":[0.333,0.333,0.333],"y":[0,0,0]},"t":26,"s":[100,100,100],"e":[100,100,100]},{"i":{"x":[0.667,0.667,0.667],"y":[1,1,1]},"o":{"x":[0.656,0.656,0.333],"y":[0,0,0]},"t":44,"s":[100,100,100],"e":[0,0,100]},{"t":57}],"ix":6}},"ao":0,"ip":18,"op":57,"st":-4,"bm":0},{"ddd":0,"ind":2,"ty":4,"nm":"Untitled-1 Outlines","parent":1,"sr":1,"ks":{"o":{"a":1,"k":[{"i":{"x":[0.833],"y":[0.833]},"o":{"x":[0.167],"y":[0.167]},"t":11,"s":[20],"e":[100]},{"i":{"x":[0.833],"y":[0.833]},"o":{"x":[0.167],"y":[0.167]},"t":24,"s":[100],"e":[100]},{"i":{"x":[0.833],"y":[0.833]},"o":{"x":[0.167],"y":[0.167]},"t":49,"s":[100],"e":[20]},{"i":{"x":[0.833],"y":[0.833]},"o":{"x":[0.167],"y":[0.167]},"t":57,"s":[20],"e":[20]},{"t":64}],"ix":11},"r":{"a":0,"k":-8.955,"ix":10},"p":{"a":0,"k":[38.939,43.088,0],"ix":2},"a":{"a":0,"k":[291.11,414.555,0],"ix":1},"s":{"a":0,"k":[10.174,10.174,100],"ix":6}},"ao":0,"shapes":[{"ty":"gr","it":[{"ind":0,"ty":"sh","ix":1,"ks":{"a":0,"k":{"i":[[1.219,-44.566],[-75.625,-112.887],[-26.049,-6.22],[78.181,-93.079],[1.035,-38.759],[74.704,112.551],[-24.961,1.661],[-79.8,116.804]],"o":[[-0.856,31.306],[80.332,119.911],[20.059,4.791],[-93.503,111.322],[-0.892,33.429],[-79.796,-120.222],[27.538,-1.832],[76.517,-111.999]],"v":[[-1.219,-415.033],[80.308,-129.246],[295.568,2.434],[106.984,98.654],[0.266,417.323],[-79.377,132.178],[-295.035,-0.145],[-83.931,-129.171]],"c":true},"ix":2},"nm":"Path 1","mn":"ADBE Vector Shape - Group","hd":false},{"ty":"fl","c":{"a":0,"k":[0.95878385656,0.884247304879,0.224599561504,1],"ix":4},"o":{"a":0,"k":100,"ix":5},"r":1,"bm":0,"nm":"Fill 1","mn":"ADBE Vector Graphic - Fill","hd":false},{"ty":"tr","p":{"a":0,"k":[297.638,420.945],"ix":2},"a":{"a":0,"k":[0,0],"ix":1},"s":{"a":0,"k":[100,100],"ix":3},"r":{"a":0,"k":0,"ix":6},"o":{"a":0,"k":100,"ix":7},"sk":{"a":0,"k":0,"ix":4},"sa":{"a":0,"k":0,"ix":5},"nm":"Transform"}],"nm":"Group 1","np":4,"cix":2,"bm":0,"ix":1,"mn":"ADBE Vector Group","hd":false}],"ip":18,"op":57,"st":-21,"bm":0},{"ddd":0,"ind":3,"ty":3,"nm":"star5_null","sr":1,"ks":{"o":{"a":1,"k":[{"i":{"x":[0.833],"y":[0.833]},"o":{"x":[0.167],"y":[0.167]},"t":11,"s":[20],"e":[100]},{"i":{"x":[0.833],"y":[0.833]},"o":{"x":[0.167],"y":[0.167]},"t":25,"s":[100],"e":[100]},{"i":{"x":[0.833],"y":[0.833]},"o":{"x":[0.167],"y":[0.167]},"t":43,"s":[100],"e":[20]},{"t":64}],"ix":11},"r":{"a":1,"k":[{"i":{"x":[0.833],"y":[0.833]},"o":{"x":[0.167],"y":[0.167]},"t":22,"s":[5],"e":[-2.051]},{"i":{"x":[0.833],"y":[0.833]},"o":{"x":[0.167],"y":[0.167]},"t":30,"s":[-2.051],"e":[-6.667]},{"i":{"x":[0.833],"y":[0.833]},"o":{"x":[0.167],"y":[0.167]},"t":48,"s":[-6.667],"e":[-18]},{"t":61}],"ix":10},"p":{"a":1,"k":[{"i":{"x":0.667,"y":1},"o":{"x":0.167,"y":0.167},"t":22,"s":[868.5,900.239,0],"e":[906.5,934.239,0],"to":[6.333,5.667,0],"ti":[-6.333,-5.667,0]},{"t":61}],"ix":2},"a":{"a":0,"k":[0,0,0],"ix":1},"s":{"a":1,"k":[{"i":{"x":[0.197,0.197,0.667],"y":[1,1,1]},"o":{"x":[0.167,0.167,0.167],"y":[0.167,0.167,16.667]},"t":22,"s":[0,0,100],"e":[100,100,100]},{"i":{"x":[0.667,0.667,0.667],"y":[1,1,1]},"o":{"x":[0.333,0.333,0.333],"y":[0,0,0]},"t":30,"s":[100,100,100],"e":[100,100,100]},{"i":{"x":[0.667,0.667,0.667],"y":[1,1,1]},"o":{"x":[0.739,0.739,0.333],"y":[0,0,0]},"t":48,"s":[100,100,100],"e":[0,0,100]},{"t":61}],"ix":6}},"ao":0,"ip":22,"op":65,"st":0,"bm":0},{"ddd":0,"ind":4,"ty":4,"nm":"Untitled-1 Outlines","parent":3,"sr":1,"ks":{"o":{"a":1,"k":[{"i":{"x":[0.833],"y":[0.833]},"o":{"x":[0.167],"y":[0.167]},"t":11,"s":[20],"e":[100]},{"i":{"x":[0.833],"y":[0.833]},"o":{"x":[0.167],"y":[0.167]},"t":24,"s":[100],"e":[100]},{"i":{"x":[0.833],"y":[0.833]},"o":{"x":[0.167],"y":[0.167]},"t":49,"s":[100],"e":[20]},{"i":{"x":[0.833],"y":[0.833]},"o":{"x":[0.167],"y":[0.167]},"t":57,"s":[20],"e":[20]},{"t":64}],"ix":11},"r":{"a":0,"k":10.045,"ix":10},"p":{"a":0,"k":[0.013,-1.606,0],"ix":2},"a":{"a":0,"k":[291.11,414.555,0],"ix":1},"s":{"a":0,"k":[12.174,12.174,100],"ix":6}},"ao":0,"shapes":[{"ty":"gr","it":[{"ind":0,"ty":"sh","ix":1,"ks":{"a":0,"k":{"i":[[1.219,-44.566],[-75.625,-112.887],[-26.049,-6.22],[78.181,-93.079],[1.035,-38.759],[74.704,112.551],[-24.961,1.661],[-79.8,116.804]],"o":[[-0.856,31.306],[80.332,119.911],[20.059,4.791],[-93.503,111.322],[-0.892,33.429],[-79.796,-120.222],[27.538,-1.832],[76.517,-111.999]],"v":[[-1.219,-415.033],[80.308,-129.246],[295.568,2.434],[106.984,98.654],[0.266,417.323],[-79.377,132.178],[-295.035,-0.145],[-83.931,-129.171]],"c":true},"ix":2},"nm":"Path 1","mn":"ADBE Vector Shape - Group","hd":false},{"ty":"fl","c":{"a":0,"k":[0.95878385656,0.884247304879,0.224599561504,1],"ix":4},"o":{"a":0,"k":100,"ix":5},"r":1,"bm":0,"nm":"Fill 1","mn":"ADBE Vector Graphic - Fill","hd":false},{"ty":"tr","p":{"a":0,"k":[297.638,420.945],"ix":2},"a":{"a":0,"k":[0,0],"ix":1},"s":{"a":0,"k":[100,100],"ix":3},"r":{"a":0,"k":0,"ix":6},"o":{"a":0,"k":100,"ix":7},"sk":{"a":0,"k":0,"ix":4},"sa":{"a":0,"k":0,"ix":5},"nm":"Transform"}],"nm":"Group 1","np":4,"cix":2,"bm":0,"ix":1,"mn":"ADBE Vector Group","hd":false}],"ip":22,"op":65,"st":-17,"bm":0},{"ddd":0,"ind":5,"ty":3,"nm":"star4_null","sr":1,"ks":{"o":{"a":1,"k":[{"i":{"x":[0.833],"y":[0.833]},"o":{"x":[0.167],"y":[0.167]},"t":11,"s":[20],"e":[100]},{"i":{"x":[0.833],"y":[0.833]},"o":{"x":[0.167],"y":[0.167]},"t":25,"s":[100],"e":[100]},{"i":{"x":[0.833],"y":[0.833]},"o":{"x":[0.167],"y":[0.167]},"t":43,"s":[100],"e":[20]},{"t":64}],"ix":11},"r":{"a":1,"k":[{"i":{"x":[0.833],"y":[0.833]},"o":{"x":[0.167],"y":[0.167]},"t":18,"s":[-9],"e":[2.256]},{"i":{"x":[0.833],"y":[0.833]},"o":{"x":[0.167],"y":[0.167]},"t":26,"s":[2.256],"e":[7.333]},{"i":{"x":[0.833],"y":[0.833]},"o":{"x":[0.167],"y":[0.167]},"t":44,"s":[7.333],"e":[18]},{"t":57}],"ix":10},"p":{"a":1,"k":[{"i":{"x":0.667,"y":1},"o":{"x":0.167,"y":0.167},"t":18,"s":[924.5,240.239,0],"e":[972.5,204.239,0],"to":[8,-6,0],"ti":[-8,6,0]},{"t":57}],"ix":2},"a":{"a":0,"k":[0,0,0],"ix":1},"s":{"a":1,"k":[{"i":{"x":[0.197,0.197,0.667],"y":[1,1,1]},"o":{"x":[0.167,0.167,0.167],"y":[0.167,0.167,16.667]},"t":18,"s":[0,0,100],"e":[100,100,100]},{"i":{"x":[0.667,0.667,0.667],"y":[1,1,1]},"o":{"x":[0.333,0.333,0.333],"y":[0,0,0]},"t":26,"s":[100,100,100],"e":[100,100,100]},{"i":{"x":[0.667,0.667,0.667],"y":[1,1,1]},"o":{"x":[0.739,0.739,0.333],"y":[0,0,0]},"t":44,"s":[100,100,100],"e":[0,0,100]},{"t":57}],"ix":6}},"ao":0,"ip":18,"op":57,"st":-4,"bm":0},{"ddd":0,"ind":6,"ty":4,"nm":"Untitled-1 Outlines","parent":5,"sr":1,"ks":{"o":{"a":1,"k":[{"i":{"x":[0.833],"y":[0.833]},"o":{"x":[0.167],"y":[0.167]},"t":11,"s":[20],"e":[100]},{"i":{"x":[0.833],"y":[0.833]},"o":{"x":[0.167],"y":[0.167]},"t":24,"s":[100],"e":[100]},{"i":{"x":[0.833],"y":[0.833]},"o":{"x":[0.167],"y":[0.167]},"t":49,"s":[100],"e":[20]},{"i":{"x":[0.833],"y":[0.833]},"o":{"x":[0.167],"y":[0.167]},"t":57,"s":[20],"e":[20]},{"t":64}],"ix":11},"r":{"a":0,"k":1.824,"ix":10},"p":{"a":0,"k":[-2.672,1.727,0],"ix":2},"a":{"a":0,"k":[291.11,414.555,0],"ix":1},"s":{"a":0,"k":[13.973,13.973,100],"ix":6}},"ao":0,"shapes":[{"ty":"gr","it":[{"ind":0,"ty":"sh","ix":1,"ks":{"a":0,"k":{"i":[[1.219,-44.566],[-75.625,-112.887],[-26.049,-6.22],[78.181,-93.079],[1.035,-38.759],[74.704,112.551],[-24.961,1.661],[-79.8,116.804]],"o":[[-0.856,31.306],[80.332,119.911],[20.059,4.791],[-93.503,111.322],[-0.892,33.429],[-79.796,-120.222],[27.538,-1.832],[76.517,-111.999]],"v":[[-1.219,-415.033],[80.308,-129.246],[295.568,2.434],[106.984,98.654],[0.266,417.323],[-79.377,132.178],[-295.035,-0.145],[-83.931,-129.171]],"c":true},"ix":2},"nm":"Path 1","mn":"ADBE Vector Shape - Group","hd":false},{"ty":"fl","c":{"a":0,"k":[0.95878385656,0.884247304879,0.224599561504,1],"ix":4},"o":{"a":0,"k":100,"ix":5},"r":1,"bm":0,"nm":"Fill 1","mn":"ADBE Vector Graphic - Fill","hd":false},{"ty":"tr","p":{"a":0,"k":[297.638,420.945],"ix":2},"a":{"a":0,"k":[0,0],"ix":1},"s":{"a":0,"k":[100,100],"ix":3},"r":{"a":0,"k":0,"ix":6},"o":{"a":0,"k":100,"ix":7},"sk":{"a":0,"k":0,"ix":4},"sa":{"a":0,"k":0,"ix":5},"nm":"Transform"}],"nm":"Group 1","np":4,"cix":2,"bm":0,"ix":1,"mn":"ADBE Vector Group","hd":false}],"ip":18,"op":57,"st":-21,"bm":0},{"ddd":0,"ind":7,"ty":3,"nm":"star3_null","sr":1,"ks":{"o":{"a":1,"k":[{"i":{"x":[0.833],"y":[0.833]},"o":{"x":[0.167],"y":[0.167]},"t":11,"s":[20],"e":[100]},{"i":{"x":[0.833],"y":[0.833]},"o":{"x":[0.167],"y":[0.167]},"t":25,"s":[100],"e":[100]},{"i":{"x":[0.833],"y":[0.833]},"o":{"x":[0.167],"y":[0.167]},"t":43,"s":[100],"e":[20]},{"t":64}],"ix":11},"r":{"a":1,"k":[{"i":{"x":[0.833],"y":[0.833]},"o":{"x":[0.167],"y":[0.167]},"t":14,"s":[5],"e":[-2.809]},{"i":{"x":[0.833],"y":[0.833]},"o":{"x":[0.167],"y":[0.167]},"t":25,"s":[-2.809],"e":[-7.404]},{"i":{"x":[0.833],"y":[0.833]},"o":{"x":[0.167],"y":[0.167]},"t":43,"s":[-7.404],"e":[-19]},{"t":61}],"ix":10},"p":{"a":1,"k":[{"i":{"x":0.667,"y":1},"o":{"x":0.167,"y":0.167},"t":14,"s":[862.5,128.239,0],"e":[906.5,80.239,0],"to":[7.333,-8,0],"ti":[-7.333,8,0]},{"t":61}],"ix":2},"a":{"a":0,"k":[0,0,0],"ix":1},"s":{"a":1,"k":[{"i":{"x":[0.263,0.263,0.667],"y":[1,1,1]},"o":{"x":[0.167,0.167,0.167],"y":[0.167,0.167,16.667]},"t":14,"s":[0,0,100],"e":[100,100,100]},{"i":{"x":[0.42,0.42,0.667],"y":[1,1,1]},"o":{"x":[0.631,0.631,0.333],"y":[0,0,0]},"t":25,"s":[100,100,100],"e":[100,100,100]},{"i":{"x":[0.667,0.667,0.667],"y":[1,1,1]},"o":{"x":[0.615,0.615,0.333],"y":[0,0,0]},"t":43,"s":[100,100,100],"e":[0,0,100]},{"t":61}],"ix":6}},"ao":0,"ip":14,"op":65,"st":-5,"bm":0},{"ddd":0,"ind":8,"ty":4,"nm":"Untitled-1 Outlines","parent":7,"sr":1,"ks":{"o":{"a":1,"k":[{"i":{"x":[0.833],"y":[0.833]},"o":{"x":[0.167],"y":[0.167]},"t":11,"s":[20],"e":[100]},{"i":{"x":[0.833],"y":[0.833]},"o":{"x":[0.167],"y":[0.167]},"t":24,"s":[100],"e":[100]},{"i":{"x":[0.833],"y":[0.833]},"o":{"x":[0.167],"y":[0.167]},"t":49,"s":[100],"e":[20]},{"i":{"x":[0.833],"y":[0.833]},"o":{"x":[0.167],"y":[0.167]},"t":57,"s":[20],"e":[20]},{"t":64}],"ix":11},"r":{"a":0,"k":1.884,"ix":10},"p":{"a":0,"k":[-2.907,-1.357,0],"ix":2},"a":{"a":0,"k":[291.11,414.555,0],"ix":1},"s":{"a":0,"k":[17.958,17.958,100],"ix":6}},"ao":0,"shapes":[{"ty":"gr","it":[{"ind":0,"ty":"sh","ix":1,"ks":{"a":0,"k":{"i":[[1.219,-44.566],[-75.625,-112.887],[-26.049,-6.22],[78.181,-93.079],[1.035,-38.759],[74.704,112.551],[-24.961,1.661],[-79.8,116.804]],"o":[[-0.856,31.306],[80.332,119.911],[20.059,4.791],[-93.503,111.322],[-0.892,33.429],[-79.796,-120.222],[27.538,-1.832],[76.517,-111.999]],"v":[[-1.219,-415.033],[80.308,-129.246],[295.568,2.434],[106.984,98.654],[0.266,417.323],[-79.377,132.178],[-295.035,-0.145],[-83.931,-129.171]],"c":true},"ix":2},"nm":"Path 1","mn":"ADBE Vector Shape - Group","hd":false},{"ty":"fl","c":{"a":0,"k":[0.95878385656,0.884247304879,0.224599561504,1],"ix":4},"o":{"a":0,"k":100,"ix":5},"r":1,"bm":0,"nm":"Fill 1","mn":"ADBE Vector Graphic - Fill","hd":false},{"ty":"tr","p":{"a":0,"k":[297.638,420.945],"ix":2},"a":{"a":0,"k":[0,0],"ix":1},"s":{"a":0,"k":[100,100],"ix":3},"r":{"a":0,"k":0,"ix":6},"o":{"a":0,"k":100,"ix":7},"sk":{"a":0,"k":0,"ix":4},"sa":{"a":0,"k":0,"ix":5},"nm":"Transform"}],"nm":"Group 1","np":4,"cix":2,"bm":0,"ix":1,"mn":"ADBE Vector Group","hd":false}],"ip":14,"op":65,"st":-25,"bm":0},{"ddd":0,"ind":9,"ty":3,"nm":"star2_null","sr":1,"ks":{"o":{"a":1,"k":[{"i":{"x":[0.833],"y":[0.833]},"o":{"x":[0.167],"y":[0.167]},"t":11,"s":[20],"e":[100]},{"i":{"x":[0.833],"y":[0.833]},"o":{"x":[0.167],"y":[0.167]},"t":25,"s":[100],"e":[100]},{"i":{"x":[0.833],"y":[0.833]},"o":{"x":[0.167],"y":[0.167]},"t":43,"s":[100],"e":[20]},{"t":64}],"ix":11},"r":{"a":1,"k":[{"i":{"x":[0.833],"y":[0.833]},"o":{"x":[0.167],"y":[0.167]},"t":14,"s":[3],"e":[-2.106]},{"i":{"x":[0.833],"y":[0.833]},"o":{"x":[0.167],"y":[0.167]},"t":25,"s":[-2.106],"e":[-5.553]},{"i":{"x":[0.833],"y":[0.833]},"o":{"x":[0.167],"y":[0.167]},"t":43,"s":[-5.553],"e":[-16]},{"t":61}],"ix":10},"p":{"a":1,"k":[{"i":{"x":0.667,"y":1},"o":{"x":0.167,"y":0.167},"t":14,"s":[190.5,911.239,0],"e":[156.5,940.239,0],"to":[-5.667,4.833,0],"ti":[5.667,-4.833,0]},{"t":61}],"ix":2},"a":{"a":0,"k":[0,0,0],"ix":1},"s":{"a":1,"k":[{"i":{"x":[0.263,0.263,0.667],"y":[1,1,1]},"o":{"x":[0.167,0.167,0.167],"y":[0.167,0.167,16.667]},"t":14,"s":[0,0,100],"e":[100,100,100]},{"i":{"x":[0.42,0.42,0.667],"y":[1,1,1]},"o":{"x":[0.631,0.631,0.333],"y":[0,0,0]},"t":25,"s":[100,100,100],"e":[100,100,100]},{"i":{"x":[0.667,0.667,0.667],"y":[1,1,1]},"o":{"x":[0.615,0.615,0.333],"y":[0,0,0]},"t":43,"s":[100,100,100],"e":[0,0,100]},{"t":61}],"ix":6}},"ao":0,"ip":14,"op":65,"st":-5,"bm":0},{"ddd":0,"ind":10,"ty":4,"nm":"Untitled-1 Outlines","parent":9,"sr":1,"ks":{"o":{"a":1,"k":[{"i":{"x":[0.833],"y":[0.833]},"o":{"x":[0.167],"y":[0.167]},"t":11,"s":[20],"e":[100]},{"i":{"x":[0.833],"y":[0.833]},"o":{"x":[0.167],"y":[0.167]},"t":24,"s":[100],"e":[100]},{"i":{"x":[0.833],"y":[0.833]},"o":{"x":[0.167],"y":[0.167]},"t":49,"s":[100],"e":[20]},{"i":{"x":[0.833],"y":[0.833]},"o":{"x":[0.167],"y":[0.167]},"t":57,"s":[20],"e":[20]},{"t":64}],"ix":11},"r":{"a":0,"k":3.366,"ix":10},"p":{"a":0,"k":[-3.999,-1.972,0],"ix":2},"a":{"a":0,"k":[291.11,414.555,0],"ix":1},"s":{"a":0,"k":[18.125,18.125,100],"ix":6}},"ao":0,"shapes":[{"ty":"gr","it":[{"ind":0,"ty":"sh","ix":1,"ks":{"a":0,"k":{"i":[[1.219,-44.566],[-75.625,-112.887],[-26.049,-6.22],[78.181,-93.079],[1.035,-38.759],[74.704,112.551],[-24.961,1.661],[-79.8,116.804]],"o":[[-0.856,31.306],[80.332,119.911],[20.059,4.791],[-93.503,111.322],[-0.892,33.429],[-79.796,-120.222],[27.538,-1.832],[76.517,-111.999]],"v":[[-1.219,-415.033],[80.308,-129.246],[295.568,2.434],[106.984,98.654],[0.266,417.323],[-79.377,132.178],[-295.035,-0.145],[-83.931,-129.171]],"c":true},"ix":2},"nm":"Path 1","mn":"ADBE Vector Shape - Group","hd":false},{"ty":"fl","c":{"a":0,"k":[0.95878385656,0.884247304879,0.224599561504,1],"ix":4},"o":{"a":0,"k":100,"ix":5},"r":1,"bm":0,"nm":"Fill 1","mn":"ADBE Vector Graphic - Fill","hd":false},{"ty":"tr","p":{"a":0,"k":[297.638,420.945],"ix":2},"a":{"a":0,"k":[0,0],"ix":1},"s":{"a":0,"k":[100,100],"ix":3},"r":{"a":0,"k":0,"ix":6},"o":{"a":0,"k":100,"ix":7},"sk":{"a":0,"k":0,"ix":4},"sa":{"a":0,"k":0,"ix":5},"nm":"Transform"}],"nm":"Group 1","np":4,"cix":2,"bm":0,"ix":1,"mn":"ADBE Vector Group","hd":false}],"ip":14,"op":65,"st":-25,"bm":0},{"ddd":0,"ind":11,"ty":3,"nm":"star1_null","sr":1,"ks":{"o":{"a":1,"k":[{"i":{"x":[0.833],"y":[0.833]},"o":{"x":[0.167],"y":[0.167]},"t":11,"s":[20],"e":[0]},{"i":{"x":[0.833],"y":[0.833]},"o":{"x":[0.167],"y":[0.167]},"t":16,"s":[0],"e":[100]},{"i":{"x":[0.833],"y":[0.833]},"o":{"x":[0.167],"y":[0.167]},"t":25,"s":[100],"e":[100]},{"i":{"x":[0.833],"y":[0.833]},"o":{"x":[0.167],"y":[0.167]},"t":43,"s":[100],"e":[20]},{"t":64}],"ix":11},"r":{"a":1,"k":[{"i":{"x":[0.667],"y":[1]},"o":{"x":[0.167],"y":[0.167]},"t":11,"s":[-7],"e":[3.896]},{"i":{"x":[0.667],"y":[1]},"o":{"x":[0.333],"y":[0]},"t":22,"s":[3.896],"e":[10.271]},{"i":{"x":[0.833],"y":[0.833]},"o":{"x":[0.333],"y":[0]},"t":40,"s":[10.271],"e":[25]},{"t":59}],"ix":10},"p":{"a":1,"k":[{"i":{"x":0.667,"y":1},"o":{"x":0.167,"y":0.167},"t":11,"s":[149.5,172.239,0],"e":[117.5,124.239,0],"to":[-5.333,-8,0],"ti":[5.333,8,0]},{"t":59}],"ix":2},"a":{"a":0,"k":[0,0,0],"ix":1},"s":{"a":1,"k":[{"i":{"x":[0.263,0.263,0.667],"y":[1,1,1]},"o":{"x":[0.167,0.167,0.167],"y":[0.167,0.167,16.667]},"t":11,"s":[0,0,100],"e":[100,100,100]},{"i":{"x":[0.42,0.42,0.667],"y":[1,1,1]},"o":{"x":[0.631,0.631,0.333],"y":[0,0,0]},"t":22,"s":[100,100,100],"e":[100,100,100]},{"i":{"x":[0.667,0.667,0.667],"y":[1,1,1]},"o":{"x":[0.615,0.615,0.333],"y":[0,0,0]},"t":40,"s":[100,100,100],"e":[0,0,100]},{"t":59}],"ix":6}},"ao":0,"ip":11,"op":65,"st":-8,"bm":0},{"ddd":0,"ind":12,"ty":4,"nm":"Untitled-1 Outlines","parent":11,"sr":1,"ks":{"o":{"a":1,"k":[{"i":{"x":[0.833],"y":[0.833]},"o":{"x":[0.167],"y":[0.167]},"t":11,"s":[20],"e":[100]},{"i":{"x":[0.833],"y":[0.833]},"o":{"x":[0.167],"y":[0.167]},"t":24,"s":[100],"e":[100]},{"i":{"x":[0.833],"y":[0.833]},"o":{"x":[0.167],"y":[0.167]},"t":49,"s":[100],"e":[20]},{"i":{"x":[0.833],"y":[0.833]},"o":{"x":[0.167],"y":[0.167]},"t":57,"s":[20],"e":[20]},{"t":64}],"ix":11},"r":{"a":0,"k":1.218,"ix":10},"p":{"a":0,"k":[-5.527,-6.57,0],"ix":2},"a":{"a":0,"k":[291.11,414.555,0],"ix":1},"s":{"a":0,"k":[20.709,20.709,100],"ix":6}},"ao":0,"shapes":[{"ty":"gr","it":[{"ind":0,"ty":"sh","ix":1,"ks":{"a":0,"k":{"i":[[1.219,-44.566],[-75.625,-112.887],[-26.049,-6.22],[78.181,-93.079],[1.035,-38.759],[74.704,112.551],[-24.961,1.661],[-79.8,116.804]],"o":[[-0.856,31.306],[80.332,119.911],[20.059,4.791],[-93.503,111.322],[-0.892,33.429],[-79.796,-120.222],[27.538,-1.832],[76.517,-111.999]],"v":[[-1.219,-415.033],[80.308,-129.246],[295.568,2.434],[106.984,98.654],[0.266,417.323],[-79.377,132.178],[-295.035,-0.145],[-83.931,-129.171]],"c":true},"ix":2},"nm":"Path 1","mn":"ADBE Vector Shape - Group","hd":false},{"ty":"fl","c":{"a":0,"k":[0.95878385656,0.884247304879,0.224599561504,1],"ix":4},"o":{"a":0,"k":100,"ix":5},"r":1,"bm":0,"nm":"Fill 1","mn":"ADBE Vector Graphic - Fill","hd":false},{"ty":"tr","p":{"a":0,"k":[297.638,420.945],"ix":2},"a":{"a":0,"k":[0,0],"ix":1},"s":{"a":0,"k":[100,100],"ix":3},"r":{"a":0,"k":0,"ix":6},"o":{"a":0,"k":100,"ix":7},"sk":{"a":0,"k":0,"ix":4},"sa":{"a":0,"k":0,"ix":5},"nm":"Transform"}],"nm":"Group 1","np":4,"cix":2,"bm":0,"ix":1,"mn":"ADBE Vector Group","hd":false}],"ip":11,"op":65,"st":-28,"bm":0}]}],"layers":[{"ddd":0,"ind":1,"ty":0,"nm":"Animation Template 8x","refId":"comp_0","sr":1,"ks":{"o":{"a":0,"k":100,"ix":11},"r":{"a":0,"k":0,"ix":10},"p":{"a":0,"k":[66,66,0],"ix":2},"a":{"a":0,"k":[528,528,0],"ix":1},"s":{"a":0,"k":[12.5,12.5,100],"ix":6}},"ao":0,"w":1056,"h":1056,"ip":5,"op":65,"st":5,"bm":0}],"markers":[]}