{"v":"5.6.10","fr":15,"ip":0,"op":21,"w":280,"h":280,"nm":"send confirmation","ddd":0,"assets":[],"layers":[{"ddd":0,"ind":1,"ty":4,"nm":"check mark Outlines","sr":1,"ks":{"o":{"a":0,"k":100,"ix":11},"r":{"a":0,"k":0,"ix":10},"p":{"a":0,"k":[148,137,0],"ix":2},"a":{"a":0,"k":[12,12,0],"ix":1},"s":{"a":0,"k":[575.376,575.376,100],"ix":6}},"ao":0,"hasMask":true,"masksProperties":[{"inv":false,"mode":"a","pt":{"a":1,"k":[{"i":{"x":0.667,"y":1},"o":{"x":0.333,"y":0},"t":12,"s":[{"i":[[1.398,2.962],[0.529,2.962],[0.529,22.254],[1.398,22.254]],"o":[[1.398,2.962],[0.529,2.962],[0.529,22.254],[1.398,22.254]],"v":[[1.398,2.962],[0.529,2.962],[0.529,22.254],[1.398,22.254]],"c":true}]},{"t":16,"s":[{"i":[[22.689,2.962],[0.529,2.962],[0.529,22.254],[22.689,22.254]],"o":[[22.689,2.962],[0.529,2.962],[0.529,22.254],[22.689,22.254]],"v":[[22.689,2.962],[0.529,2.962],[0.529,22.254],[22.689,22.254]],"c":true}]}],"ix":1},"o":{"a":0,"k":100,"ix":3},"x":{"a":0,"k":0,"ix":4},"nm":"Mask 1"}],"shapes":[{"ty":"gr","it":[{"ind":0,"ty":"sh","ix":1,"ks":{"a":0,"k":{"i":[[8.700999999999999,-7.708],[9.498,-6.492],[-2.426,7.385],[-2.823,7.688000000000001],[-3.563,7.614],[-9.141,2.106],[-9.498,1.1869999999999998],[-8.23,0.476],[-3.162,5.48],[7.809,-7.288]],"o":[[9.455,-7.0600000000000005],[9.174,-6.115],[-2.589,7.574],[-3.321,7.708],[-3.741,7.439],[-9.495,1.757],[-8.799999999999999,0.479],[-7.876,0.825],[-3.162,5.48],[8.133000000000001,-7.665]],"v":[[9.078,-7.384],[9.174,-6.115],[-2.426,7.385],[-3.072,7.698],[-3.741,7.439],[-9.141,2.106],[-9.149,0.833],[-7.876,0.825],[-3.162,5.48],[7.809,-7.288]],"c":true},"ix":2},"nm":"Path 1","mn":"ADBE Vector Shape - Group","hd":false,"_render":true},{"ty":"fl","c":{"a":0,"k":[0.5373,0,0.9647,1],"ix":4},"o":{"a":0,"k":100,"ix":5},"r":1,"bm":0,"nm":"Fill 1","mn":"ADBE Vector Graphic - Fill","hd":false,"_render":true},{"ty":"tr","p":{"a":0,"k":[11.508,12.202],"ix":2},"a":{"a":0,"k":[0,0],"ix":1},"s":{"a":0,"k":[100,100],"ix":3},"r":{"a":0,"k":0,"ix":6},"o":{"a":0,"k":100,"ix":7},"sk":{"a":0,"k":0,"ix":4},"sa":{"a":0,"k":0,"ix":5},"nm":"Transform","_render":true}],"nm":"Group 1","np":2,"cix":2,"bm":0,"ix":1,"mn":"ADBE Vector Group","hd":false,"_render":true}],"ip":11,"op":21,"st":2,"bm":0,"completed":true},{"ddd":0,"ind":2,"ty":4,"nm":"mask","td":1,"sr":1,"ks":{"o":{"a":0,"k":100,"ix":11},"r":{"a":0,"k":0,"ix":10},"p":{"a":0,"k":[140.5,138.5,0],"ix":2},"a":{"a":0,"k":[-0.25,-4.25,0],"ix":1},"s":{"a":0,"k":[100,100,100],"ix":6}},"ao":0,"shapes":[{"ty":"gr","it":[{"d":1,"ty":"el","s":{"a":0,"k":[231.5,231.5],"ix":2},"p":{"a":0,"k":[0,0],"ix":3},"nm":"Ellipse Path 1","mn":"ADBE Vector Shape - Ellipse","hd":false,"_render":true},{"ty":"fl","c":{"a":0,"k":[0.96,0.96,0.96,1],"ix":4},"o":{"a":0,"k":100,"ix":5},"r":1,"bm":0,"nm":"Fill 1","mn":"ADBE Vector Graphic - Fill","hd":false,"_render":true},{"ty":"tr","p":{"a":0,"k":[-0.75,-2.75],"ix":2},"a":{"a":0,"k":[0,0],"ix":1},"s":{"a":0,"k":[118.247,118.247],"ix":3},"r":{"a":0,"k":0,"ix":6},"o":{"a":0,"k":100,"ix":7},"sk":{"a":0,"k":0,"ix":4},"sa":{"a":0,"k":0,"ix":5},"nm":"Transform","_render":true}],"nm":"Ellipse 1","np":2,"cix":2,"bm":0,"ix":1,"mn":"ADBE Vector Group","hd":false,"_render":true}],"ip":0,"op":21,"st":0,"bm":0,"completed":true},{"ddd":0,"ind":3,"ty":4,"nm":"send icon","parent":2,"tt":1,"sr":1,"ks":{"o":{"a":0,"k":100,"ix":11},"r":{"a":0,"k":0,"ix":10},"p":{"a":1,"k":[{"i":{"x":0.667,"y":1},"o":{"x":0.333,"y":0},"t":4,"s":[-6.75,-0.75,0],"to":[-3.5,0.833,0],"ti":[-25.833,20.167,0]},{"i":{"x":0.667,"y":1},"o":{"x":0.333,"y":0},"t":8,"s":[-27.75,4.25,0],"to":[25.833,-20.167,0],"ti":[-29.333,21,0]},{"t":11,"s":[148.25,-121.75,0]}],"ix":2},"a":{"a":0,"k":[12,12.18,0],"ix":1},"s":{"a":0,"k":[555.814,555.814,100],"ix":6}},"ao":0,"shapes":[{"ty":"gr","it":[{"ind":0,"ty":"sh","ix":1,"ks":{"a":0,"k":{"i":[[10.262,-10.75],[10.784,-10.12],[6.73,10.15],[6.502999999999999,10.612],[5.751,10.758],[-10.455,-1.397],[-10.785,-1.826],[-10.536000000000001,-2.592],[9.716,-10.693]],"o":[[10.686,-10.398],[10.73,-9.85],[6.679,10.403],[6.021,10.796000000000001],[5.545,10.603],[-10.672,-1.56],[-10.713000000000001,-2.3640000000000003],[-10.284,-2.693],[9.972,-10.795]],"v":[[10.474,-10.574],[10.73,-9.85],[6.73,10.15],[6.262,10.704],[5.545,10.603],[-10.455,-1.397],[-10.749,-2.095],[-10.284,-2.693],[9.716,-10.693]],"c":true},"ix":2},"nm":"Path 1","mn":"ADBE Vector Shape - Group","hd":false,"_render":true},{"ind":1,"ty":"sh","ix":2,"ks":{"a":0,"k":{"i":[[-8.488,-1.796],[5.493,8.689],[8.988,-8.786]],"o":[[-8.488,-1.796],[5.493,8.689],[8.988,-8.786]],"v":[[-8.488,-1.796],[5.493,8.689],[8.988,-8.786]],"c":true},"ix":2},"nm":"Path 2","mn":"ADBE Vector Shape - Group","hd":false,"_render":true},{"ty":"mm","mm":1,"nm":"Merge Paths 1","mn":"ADBE Vector Filter - Merge","hd":false,"_render":true},{"ty":"fl","c":{"a":0,"k":[0.5373,0,0.9647,1],"ix":4},"o":{"a":0,"k":100,"ix":5},"r":1,"bm":0,"nm":"Fill 1","mn":"ADBE Vector Graphic - Fill","hd":false,"_render":true},{"ty":"tr","p":{"a":0,"k":[12.005,11.997],"ix":2},"a":{"a":0,"k":[0,0],"ix":1},"s":{"a":0,"k":[100,100],"ix":3},"r":{"a":0,"k":0,"ix":6},"o":{"a":0,"k":100,"ix":7},"sk":{"a":0,"k":0,"ix":4},"sa":{"a":0,"k":0,"ix":5},"nm":"Transform","_render":true}],"nm":"Group 1","np":4,"cix":2,"bm":0,"ix":1,"mn":"ADBE Vector Group","hd":false,"_render":true},{"ty":"gr","it":[{"ind":0,"ty":"sh","ix":1,"ks":{"a":0,"k":{"i":[[6.451,-10.315999999999999],[7.037,-9.255999999999998],[-5.537,3.318],[-5.537,7.696],[-3.317,5.477],[-2.549,5.184],[-1.9629999999999999,6.244],[-5.756,10.037],[-6.294,10.315999999999999],[-7.037,9.81],[-7.037,3.007],[-6.958,2.618],[5.683,-10.023]],"o":[[7.037,-9.73],[6.744,-8.963],[-5.537,3.318],[-5.537,7.696],[-3.024,5.184],[-1.9629999999999999,5.7700000000000005],[-2.256,6.537],[-5.970000000000001,10.251000000000001],[-6.854,10.084],[-7.037,9.507],[-7.037,2.8080000000000003],[-6.817,2.477],[5.976,-10.315999999999999]],"v":[[6.744,-10.023],[6.744,-8.963],[-5.537,3.318],[-5.537,7.696],[-3.317,5.477],[-2.256,5.477],[-2.256,6.537],[-5.756,10.037],[-6.574,10.2],[-7.037,9.507],[-7.037,3.007],[-6.817,2.477],[5.683,-10.023]],"c":true},"ix":2},"nm":"Path 1","mn":"ADBE Vector Shape - Group","hd":false,"_render":true},{"ty":"fl","c":{"a":0,"k":[0.5373,0,0.9647,1],"ix":4},"o":{"a":0,"k":100,"ix":5},"r":1,"bm":0,"nm":"Fill 1","mn":"ADBE Vector Graphic - Fill","hd":false,"_render":true},{"ty":"tr","p":{"a":0,"k":[15.287,12.493],"ix":2},"a":{"a":0,"k":[0,0],"ix":1},"s":{"a":0,"k":[100,100],"ix":3},"r":{"a":0,"k":0,"ix":6},"o":{"a":0,"k":100,"ix":7},"sk":{"a":0,"k":0,"ix":4},"sa":{"a":0,"k":0,"ix":5},"nm":"Transform","_render":true}],"nm":"Group 2","np":2,"cix":2,"bm":0,"ix":2,"mn":"ADBE Vector Group","hd":false,"_render":true}],"ip":0,"op":21,"st":0,"bm":0,"completed":true},{"ddd":0,"ind":4,"ty":4,"nm":"Shape Layer 2","sr":1,"ks":{"o":{"a":0,"k":100,"ix":11},"r":{"a":0,"k":0,"ix":10},"p":{"a":0,"k":[140.5,138.5,0],"ix":2},"a":{"a":0,"k":[-0.25,-4.25,0],"ix":1},"s":{"a":0,"k":[100,100,100],"ix":6}},"ao":0,"shapes":[{"ty":"gr","it":[{"d":1,"ty":"el","s":{"a":0,"k":[231.5,231.5],"ix":2},"p":{"a":0,"k":[0,0],"ix":3},"nm":"Ellipse Path 1","mn":"ADBE Vector Shape - Ellipse","hd":false,"_render":true},{"ty":"fl","c":{"a":0,"k":[0.96,0.96,0.96,1],"ix":4},"o":{"a":0,"k":100,"ix":5},"r":1,"bm":0,"nm":"Fill 1","mn":"ADBE Vector Graphic - Fill","hd":false,"_render":true},{"ty":"tr","p":{"a":0,"k":[-0.75,-2.75],"ix":2},"a":{"a":0,"k":[0,0],"ix":1},"s":{"a":0,"k":[118.247,118.247],"ix":3},"r":{"a":0,"k":0,"ix":6},"o":{"a":0,"k":100,"ix":7},"sk":{"a":0,"k":0,"ix":4},"sa":{"a":0,"k":0,"ix":5},"nm":"Transform","_render":true}],"nm":"Ellipse 1","np":2,"cix":2,"bm":0,"ix":1,"mn":"ADBE Vector Group","hd":false,"_render":true}],"ip":0,"op":21,"st":0,"bm":0,"completed":true}],"markers":[],"__complete":true}