{"v":"5.1.20","fr":60,"ip":0,"op":110,"w":256,"h":256,"nm":"like","ddd":1,"assets":[{"id":"comp_0","layers":[{"ddd":0,"ind":1,"ty":4,"nm":"like--small Outlines","sr":1,"ks":{"o":{"a":0,"k":100,"ix":11},"r":{"a":0,"k":0,"ix":10},"p":{"a":0,"k":[128,128.004,0],"ix":2},"a":{"a":0,"k":[8,8,0],"ix":1},"s":{"a":1,"k":[{"i":{"x":[0.833,0.833,0.833],"y":[0.833,0.833,0.833]},"o":{"x":[0.167,0.167,0.167],"y":[0.167,0.167,0.167]},"n":["0p833_0p833_0p167_0p167","0p833_0p833_0p167_0p167","0p833_0p833_0p167_0p167"],"t":15,"s":[0,0,100],"e":[400,400,100]},{"t":43}],"ix":6}},"ao":0,"shapes":[{"ty":"gr","it":[{"ind":0,"ty":"sh","ix":1,"ks":{"a":0,"k":{"i":[[0.138,0],[0,0.137],[-0.138,0],[0,-0.137]],"o":[[-0.138,0],[0,-0.137],[0.138,0],[0,0.137]],"v":[[-5.75,6.001],[-6,5.751],[-5.75,5.501],[-5.5,5.751]],"c":true},"ix":2},"nm":"Path 1","mn":"ADBE Vector Shape - Group","hd":false},{"ind":1,"ty":"sh","ix":2,"ks":{"a":0,"k":{"i":[[0.414,0],[0,-0.414],[-0.414,0],[0,0.414]],"o":[[-0.414,0],[0,0.414],[0.414,0],[0,-0.414]],"v":[[-5.75,5.001],[-6.5,5.751],[-5.75,6.501],[-5,5.751]],"c":true},"ix":2},"nm":"Path 2","mn":"ADBE Vector Shape - Group","hd":false},{"ind":2,"ty":"sh","ix":3,"ks":{"a":0,"k":{"i":[[0,0],[0.875,0],[0,0],[0,-0.138],[-0.139,0],[0,0],[0.048,-0.3],[0.845,0],[0,0],[0,-0.139],[-0.139,0],[0,0],[0.121,-0.384],[1.064,0],[0,0],[0,-0.139],[-0.139,0],[0,0],[0.057,-0.185],[0.003,-0.007],[0.515,0],[0,0],[0.035,0.007],[0.13,0.038],[0,0.369],[0,0],[-0.248,0.074],[-0.03,0.012],[-0.021,1.703],[-0.312,0],[0,-1.313],[0.415,-1.236],[-0.441,-0.116],[0,-0.157],[0.006,-0.168]],"o":[[-0.01,0.247],[0,0],[-0.139,0],[0,0.138],[0,0],[0.75,0],[-0.062,0.373],[0,0],[-0.139,0],[0,0.137],[0,0],[0.844,0],[-0.159,0.505],[0,0],[-0.139,0],[0,0.137],[0,0],[0.547,0],[-0.063,0.203],[-0.151,0.273],[0,0],[-1.373,0],[-2.077,-0.479],[0,0],[0,0],[0,-0.234],[0.031,-0.012],[2.284,-0.946],[0.003,-0.24],[0.528,0],[0,1.185],[5,0],[0.547,0.157],[0,0.171],[0,0]],"v":[[6.989,-0.732],[6,0.001],[5,0.001],[4.75,0.251],[5,0.501],[5.969,0.501],[6.769,1.423],[5.687,2.501],[4.499,2.501],[4.249,2.751],[4.499,3.001],[5.484,3.001],[6.133,4.027],[4.812,5.001],[3.996,5.001],[3.746,5.251],[3.996,5.501],[4.78,5.501],[5.295,6.204],[5.156,6.564],[4.246,7.001],[1.513,7.001],[-1.257,6.682],[-3.574,6.13],[-3.997,5.689],[-4,-1.217],[-3.603,-1.738],[-3.5,-1.775],[-0.5,-6.499],[0,-6.999],[1.463,-4.624],[1,-1.999],[6.406,-1.811],[7,-1.044],[6.989,-0.73]],"c":true},"ix":2},"nm":"Path 3","mn":"ADBE Vector Shape - Group","hd":false},{"ind":3,"ty":"sh","ix":4,"ks":{"a":0,"k":{"i":[[0,0],[0.276,0],[0,0],[0,0.277],[0,0],[-0.276,0],[0,0],[0,-0.277]],"o":[[0,0.277],[0,0],[-0.276,0],[0,0],[0,-0.277],[0,0],[0.276,0],[0,0]],"v":[[-4.5,6.501],[-5,7.001],[-6.5,7.001],[-7,6.501],[-7,-1.499],[-6.5,-1.999],[-5,-1.999],[-4.5,-1.499]],"c":true},"ix":2},"nm":"Path 4","mn":"ADBE Vector Shape - Group","hd":false},{"ind":4,"ty":"sh","ix":5,"ks":{"a":0,"k":{"i":[[0,0],[2.149,0.057],[0,0.751],[1.156,0],[0.011,-0.821],[1.678,-0.882],[0.051,-0.022],[0,0],[0.373,0],[0,0],[0,-0.827],[0,0],[-0.827,0],[0,0],[-0.241,0.504],[-0.008,-0.001],[-0.048,-0.013],[-0.01,-0.002],[-1.184,-0.272],[-1.39,0],[0,0],[-0.357,0.644],[-0.094,0.303],[0.086,0.328],[-0.112,0.363],[0.131,0.321],[-0.109,0.663],[0.189,0.352],[-0.015,0.37],[0,0],[0,0.144],[0.98,0.28]],"o":[[-0.625,-0.164],[0.101,-0.469],[0,-1.794],[-0.816,0],[-0.011,1.007],[-0.123,0.065],[0,0],[-0.263,-0.226],[0,0],[-0.827,0],[0,0],[0,0.827],[0,0],[0.595,0],[0.006,0.002],[0.033,0.009],[0.009,0.002],[0.288,0.072],[0.254,0.058],[0,0],[0.833,0],[0.005,-0.01],[0.07,-0.229],[0.537,-0.369],[0.188,-0.595],[0.302,-0.285],[0.068,-0.411],[0.283,-0.318],[0,0],[0.004,-0.066],[0,-0.631],[0,0]],"v":[[6.582,-2.764],[2.338,-2.982],[2.463,-4.626],[0,-7.999],[-1.5,-6.512],[-3.5,-2.883],[-4.026,-2.622],[-4,-2.6],[-5,-3.001],[-6.5,-3.001],[-8,-1.501],[-8,6.499],[-6.5,7.999],[-5,7.999],[-3.666,7.135],[-3.642,7.141],[-3.522,7.173],[-3.499,7.178],[-1.472,7.654],[1.514,7.999],[4.247,7.999],[6.038,7.035],[6.252,6.497],[6.263,5.617],[7.085,4.327],[7.086,2.962],[7.754,1.579],[7.56,0.393],[7.987,-0.695],[7.993,-0.798],[8,-1.048],[6.582,-2.766]],"c":true},"ix":2},"nm":"Path 5","mn":"ADBE Vector Shape - Group","hd":false},{"ty":"mm","mm":1,"nm":"Merge Paths 1","mn":"ADBE Vector Filter - Merge","hd":false},{"ty":"fl","c":{"a":0,"k":[1,1,1,1],"ix":4},"o":{"a":0,"k":100,"ix":5},"r":1,"nm":"Fill 1","mn":"ADBE Vector Graphic - Fill","hd":false},{"ty":"tr","p":{"a":0,"k":[8,7.999],"ix":2},"a":{"a":0,"k":[0,0],"ix":1},"s":{"a":0,"k":[100,100],"ix":3},"r":{"a":0,"k":0,"ix":6},"o":{"a":0,"k":100,"ix":7},"sk":{"a":0,"k":0,"ix":4},"sa":{"a":0,"k":0,"ix":5},"nm":"Transform"}],"nm":"Group 1","np":7,"cix":2,"ix":1,"mn":"ADBE Vector Group","hd":false}],"ip":0,"op":180,"st":0,"bm":0},{"ddd":0,"ind":2,"ty":4,"nm":"Shape Layer 1","sr":1,"ks":{"o":{"a":0,"k":100,"ix":11},"r":{"a":0,"k":0,"ix":10},"p":{"a":0,"k":[128,128,0],"ix":2},"a":{"a":0,"k":[90.75,97.75,0],"ix":1},"s":{"a":1,"k":[{"i":{"x":[0,0,0],"y":[1,1,1]},"o":{"x":[1,1,1],"y":[0,0,0]},"n":["0_1_1_0","0_1_1_0","0_1_1_0"],"t":0,"s":[0,0,100],"e":[63.366,63.366,100]},{"t":24}],"ix":6}},"ao":0,"shapes":[{"ty":"gr","it":[{"d":1,"ty":"el","s":{"a":0,"k":[192.5,192.5],"ix":2},"p":{"a":0,"k":[0,0],"ix":3},"nm":"Ellipse Path 1","mn":"ADBE Vector Shape - Ellipse","hd":false},{"ty":"st","c":{"a":0,"k":[1,1,1,1],"ix":3},"o":{"a":0,"k":100,"ix":4},"w":{"a":0,"k":0,"ix":5},"lc":1,"lj":1,"ml":4,"nm":"Stroke 1","mn":"ADBE Vector Graphic - Stroke","hd":false},{"ty":"fl","c":{"a":0,"k":[0.286274509804,0.462745098039,0.670588235294,1],"ix":4},"o":{"a":0,"k":100,"ix":5},"r":1,"nm":"Fill 1","mn":"ADBE Vector Graphic - Fill","hd":false},{"ty":"tr","p":{"a":0,"k":[90.75,97.75],"ix":2},"a":{"a":0,"k":[0,0],"ix":1},"s":{"a":0,"k":[100,100],"ix":3},"r":{"a":0,"k":0,"ix":6},"o":{"a":0,"k":100,"ix":7},"sk":{"a":0,"k":0,"ix":4},"sa":{"a":0,"k":0,"ix":5},"nm":"Transform"}],"nm":"Ellipse 1","np":3,"cix":2,"ix":1,"mn":"ADBE Vector Group","hd":false}],"ip":0,"op":180,"st":0,"bm":0}]},{"id":"comp_1","layers":[{"ddd":1,"ind":2,"ty":4,"nm":"Shape Layer 6","sr":1,"ks":{"o":{"a":0,"k":100,"ix":11},"rx":{"a":0,"k":0,"ix":8},"ry":{"a":0,"k":0,"ix":9},"rz":{"a":0,"k":0,"ix":10},"or":{"a":0,"k":[0,0,0],"ix":7},"p":{"a":0,"k":[960,540,0],"ix":2},"a":{"a":0,"k":[0,0,0],"ix":1},"s":{"a":0,"k":[89.264,89.264,89.264],"ix":6}},"ao":0,"ef":[{"ty":5,"nm":"Quality","np":3,"mn":"ADBE Slider Control","ix":1,"en":1,"ef":[{"ty":0,"nm":"Slider","mn":"ADBE Slider Control-0001","ix":1,"v":{"a":0,"k":100,"ix":1,"x":"var $bm_rt;\ntry {\n    $bm_rt = thisComp.layer('Controller').effect('Quality Slider')('ADBE Slider Control-0001');\n} catch (e) {\n    $bm_rt = value;\n}"}}]},{"ty":5,"nm":"Extrude","np":3,"mn":"ADBE Slider Control","ix":2,"en":1,"ef":[{"ty":0,"nm":"Slider","mn":"ADBE Slider Control-0001","ix":1,"v":{"a":0,"k":50,"ix":1,"x":"var $bm_rt;\ntry {\n    $bm_rt = thisComp.layer('Controller').effect('Extrude Slider')('ADBE Slider Control-0001');\n} catch (e) {\n    $bm_rt = value;\n}"}}]},{"ty":5,"nm":"Angle","np":3,"mn":"ADBE Angle Control","ix":3,"en":1,"ef":[{"ty":0,"nm":"Angle","mn":"ADBE Angle Control-0001","ix":1,"v":{"a":0,"k":-45,"ix":1,"x":"var $bm_rt;\ntry {\n    $bm_rt = thisComp.layer('Controller').effect('Angle Angle')('ADBE Angle Control-0001');\n} catch (e) {\n    $bm_rt = value;\n}"}}]}],"shapes":[{"ty":"gr","it":[{"ty":"gr","it":[{"ty":"gr","it":[{"ind":0,"ty":"sh","ix":1,"ks":{"a":0,"k":{"i":[[0,0],[0,0]],"o":[[0,0],[0,0]],"v":[[0,-76.05],[0,-61.517]],"c":false},"ix":2},"nm":"Path 1","mn":"ADBE Vector Shape - Group","hd":false},{"ty":"tm","s":{"a":1,"k":[{"i":{"x":[0.667],"y":[1]},"o":{"x":[0.333],"y":[0]},"n":["0p667_1_0p333_0"],"t":0,"s":[100],"e":[0]},{"t":12}],"ix":1},"e":{"a":1,"k":[{"i":{"x":[0.667],"y":[1]},"o":{"x":[0.333],"y":[0]},"n":["0p667_1_0p333_0"],"t":2.057,"s":[100],"e":[0]},{"t":21.599609375}],"ix":2},"o":{"a":0,"k":0,"ix":3},"m":1,"ix":2,"nm":"Trim Paths 1","mn":"ADBE Vector Filter - Trim","hd":false},{"ty":"st","c":{"a":0,"k":[0.964705884457,0.745098054409,0.066666670144,1],"ix":3},"o":{"a":0,"k":100,"ix":4},"w":{"a":0,"k":1.9,"ix":5},"lc":2,"lj":1,"ml":4,"nm":"Stroke 1","mn":"ADBE Vector Graphic - Stroke","hd":false},{"ty":"tr","p":{"a":0,"k":[0,0],"ix":2},"a":{"a":0,"k":[0,0],"ix":1},"s":{"a":0,"k":[100,100],"ix":3},"r":{"a":0,"k":0,"ix":6},"o":{"a":0,"k":100,"ix":7},"sk":{"a":0,"k":0,"ix":4},"sa":{"a":0,"k":0,"ix":5},"nm":"Transform"}],"nm":"Shape 2","np":3,"cix":2,"ix":1,"mn":"ADBE Vector Group","hd":false},{"ty":"gr","it":[{"ind":0,"ty":"sh","ix":1,"ks":{"a":0,"k":{"i":[[0,0],[0,0]],"o":[[0,0],[0,0]],"v":[[0,-76.05],[0,-61.517]],"c":false},"ix":2},"nm":"Path 1","mn":"ADBE Vector Shape - Group","hd":false},{"ty":"tm","s":{"a":1,"k":[{"i":{"x":[0.667],"y":[1]},"o":{"x":[0.333],"y":[0]},"n":["0p667_1_0p333_0"],"t":2.398,"s":[100],"e":[0]},{"t":14.3984375}],"ix":1},"e":{"a":1,"k":[{"i":{"x":[0.667],"y":[1]},"o":{"x":[0.333],"y":[0]},"n":["0p667_1_0p333_0"],"t":4.457,"s":[100],"e":[0]},{"t":24}],"ix":2},"o":{"a":0,"k":0,"ix":3},"m":1,"ix":2,"nm":"Trim Paths 1","mn":"ADBE Vector Filter - Trim","hd":false},{"ty":"st","c":{"a":0,"k":[0.964705884457,0.745098054409,0.066666670144,1],"ix":3},"o":{"a":0,"k":100,"ix":4},"w":{"a":0,"k":1.9,"ix":5},"lc":2,"lj":1,"ml":4,"nm":"Stroke 1","mn":"ADBE Vector Graphic - Stroke","hd":false},{"ty":"tr","p":{"a":0,"k":[0,0],"ix":2},"a":{"a":0,"k":[0,0],"ix":1},"s":{"a":0,"k":[100,100],"ix":3},"r":{"a":0,"k":36,"ix":6},"o":{"a":0,"k":100,"ix":7},"sk":{"a":0,"k":0,"ix":4},"sa":{"a":0,"k":0,"ix":5},"nm":"Transform"}],"nm":"Shape 3","np":3,"cix":2,"ix":2,"mn":"ADBE Vector Group","hd":false},{"ty":"gr","it":[{"ind":0,"ty":"sh","ix":1,"ks":{"a":0,"k":{"i":[[0,0],[0,0]],"o":[[0,0],[0,0]],"v":[[0,-76.05],[0,-61.517]],"c":false},"ix":2},"nm":"Path 1","mn":"ADBE Vector Shape - Group","hd":false},{"ty":"tm","s":{"a":1,"k":[{"i":{"x":[0.667],"y":[1]},"o":{"x":[0.333],"y":[0]},"n":["0p667_1_0p333_0"],"t":4.799,"s":[100],"e":[0]},{"t":16.798828125}],"ix":1},"e":{"a":1,"k":[{"i":{"x":[0.667],"y":[1]},"o":{"x":[0.333],"y":[0]},"n":["0p667_1_0p333_0"],"t":6.857,"s":[100],"e":[0]},{"t":26.3984375}],"ix":2},"o":{"a":0,"k":0,"ix":3},"m":1,"ix":2,"nm":"Trim Paths 1","mn":"ADBE Vector Filter - Trim","hd":false},{"ty":"st","c":{"a":0,"k":[0.964705884457,0.745098054409,0.066666670144,1],"ix":3},"o":{"a":0,"k":100,"ix":4},"w":{"a":0,"k":1.9,"ix":5},"lc":2,"lj":1,"ml":4,"nm":"Stroke 1","mn":"ADBE Vector Graphic - Stroke","hd":false},{"ty":"tr","p":{"a":0,"k":[0,0],"ix":2},"a":{"a":0,"k":[0,0],"ix":1},"s":{"a":0,"k":[100,100],"ix":3},"r":{"a":0,"k":72,"ix":6},"o":{"a":0,"k":100,"ix":7},"sk":{"a":0,"k":0,"ix":4},"sa":{"a":0,"k":0,"ix":5},"nm":"Transform"}],"nm":"Shape 4","np":3,"cix":2,"ix":3,"mn":"ADBE Vector Group","hd":false},{"ty":"gr","it":[{"ind":0,"ty":"sh","ix":1,"ks":{"a":0,"k":{"i":[[0,0],[0,0]],"o":[[0,0],[0,0]],"v":[[0,-76.05],[0,-61.517]],"c":false},"ix":2},"nm":"Path 1","mn":"ADBE Vector Shape - Group","hd":false},{"ty":"tm","s":{"a":1,"k":[{"i":{"x":[0.667],"y":[1]},"o":{"x":[0.333],"y":[0]},"n":["0p667_1_0p333_0"],"t":7.199,"s":[100],"e":[0]},{"t":19.19921875}],"ix":1},"e":{"a":1,"k":[{"i":{"x":[0.667],"y":[1]},"o":{"x":[0.333],"y":[0]},"n":["0p667_1_0p333_0"],"t":9.258,"s":[100],"e":[0]},{"t":28.798828125}],"ix":2},"o":{"a":0,"k":0,"ix":3},"m":1,"ix":2,"nm":"Trim Paths 1","mn":"ADBE Vector Filter - Trim","hd":false},{"ty":"st","c":{"a":0,"k":[0.964705884457,0.745098054409,0.066666670144,1],"ix":3},"o":{"a":0,"k":100,"ix":4},"w":{"a":0,"k":1.9,"ix":5},"lc":2,"lj":1,"ml":4,"nm":"Stroke 1","mn":"ADBE Vector Graphic - Stroke","hd":false},{"ty":"tr","p":{"a":0,"k":[0,0],"ix":2},"a":{"a":0,"k":[0,0],"ix":1},"s":{"a":0,"k":[100,100],"ix":3},"r":{"a":0,"k":108,"ix":6},"o":{"a":0,"k":100,"ix":7},"sk":{"a":0,"k":0,"ix":4},"sa":{"a":0,"k":0,"ix":5},"nm":"Transform"}],"nm":"Shape 5","np":3,"cix":2,"ix":4,"mn":"ADBE Vector Group","hd":false},{"ty":"gr","it":[{"ind":0,"ty":"sh","ix":1,"ks":{"a":0,"k":{"i":[[0,0],[0,0]],"o":[[0,0],[0,0]],"v":[[0,-76.05],[0,-61.517]],"c":false},"ix":2},"nm":"Path 1","mn":"ADBE Vector Shape - Group","hd":false},{"ty":"tm","s":{"a":1,"k":[{"i":{"x":[0.667],"y":[1]},"o":{"x":[0.333],"y":[0]},"n":["0p667_1_0p333_0"],"t":9.941,"s":[100],"e":[0]},{"t":21.94140625}],"ix":1},"e":{"a":1,"k":[{"i":{"x":[0.667],"y":[1]},"o":{"x":[0.333],"y":[0]},"n":["0p667_1_0p333_0"],"t":12,"s":[100],"e":[0]},{"t":31.541015625}],"ix":2},"o":{"a":0,"k":0,"ix":3},"m":1,"ix":2,"nm":"Trim Paths 1","mn":"ADBE Vector Filter - Trim","hd":false},{"ty":"st","c":{"a":0,"k":[0.964705884457,0.745098054409,0.066666670144,1],"ix":3},"o":{"a":0,"k":100,"ix":4},"w":{"a":0,"k":1.9,"ix":5},"lc":2,"lj":1,"ml":4,"nm":"Stroke 1","mn":"ADBE Vector Graphic - Stroke","hd":false},{"ty":"tr","p":{"a":0,"k":[0,0],"ix":2},"a":{"a":0,"k":[0,0],"ix":1},"s":{"a":0,"k":[100,100],"ix":3},"r":{"a":0,"k":144,"ix":6},"o":{"a":0,"k":100,"ix":7},"sk":{"a":0,"k":0,"ix":4},"sa":{"a":0,"k":0,"ix":5},"nm":"Transform"}],"nm":"Shape 6","np":3,"cix":2,"ix":5,"mn":"ADBE Vector Group","hd":false},{"ty":"gr","it":[{"ind":0,"ty":"sh","ix":1,"ks":{"a":0,"k":{"i":[[0,0],[0,0]],"o":[[0,0],[0,0]],"v":[[0,-76.05],[0,-61.517]],"c":false},"ix":2},"nm":"Path 1","mn":"ADBE Vector Shape - Group","hd":false},{"ty":"tm","s":{"a":1,"k":[{"i":{"x":[0.667],"y":[1]},"o":{"x":[0.333],"y":[0]},"n":["0p667_1_0p333_0"],"t":12.342,"s":[100],"e":[0]},{"t":24.341796875}],"ix":1},"e":{"a":1,"k":[{"i":{"x":[0.667],"y":[1]},"o":{"x":[0.333],"y":[0]},"n":["0p667_1_0p333_0"],"t":14.398,"s":[100],"e":[0]},{"t":33.94140625}],"ix":2},"o":{"a":0,"k":0,"ix":3},"m":1,"ix":2,"nm":"Trim Paths 1","mn":"ADBE Vector Filter - Trim","hd":false},{"ty":"st","c":{"a":0,"k":[0.964705884457,0.745098054409,0.066666670144,1],"ix":3},"o":{"a":0,"k":100,"ix":4},"w":{"a":0,"k":1.9,"ix":5},"lc":2,"lj":1,"ml":4,"nm":"Stroke 1","mn":"ADBE Vector Graphic - Stroke","hd":false},{"ty":"tr","p":{"a":0,"k":[0,0],"ix":2},"a":{"a":0,"k":[0,0],"ix":1},"s":{"a":0,"k":[100,100],"ix":3},"r":{"a":0,"k":180,"ix":6},"o":{"a":0,"k":100,"ix":7},"sk":{"a":0,"k":0,"ix":4},"sa":{"a":0,"k":0,"ix":5},"nm":"Transform"}],"nm":"Shape 7","np":3,"cix":2,"ix":6,"mn":"ADBE Vector Group","hd":false},{"ty":"gr","it":[{"ind":0,"ty":"sh","ix":1,"ks":{"a":0,"k":{"i":[[0,0],[0,0]],"o":[[0,0],[0,0]],"v":[[0,-76.05],[0,-61.517]],"c":false},"ix":2},"nm":"Path 1","mn":"ADBE Vector Shape - Group","hd":false},{"ty":"tm","s":{"a":1,"k":[{"i":{"x":[0.667],"y":[1]},"o":{"x":[0.333],"y":[0]},"n":["0p667_1_0p333_0"],"t":14.742,"s":[100],"e":[0]},{"t":26.7421875}],"ix":1},"e":{"a":1,"k":[{"i":{"x":[0.667],"y":[1]},"o":{"x":[0.333],"y":[0]},"n":["0p667_1_0p333_0"],"t":16.799,"s":[100],"e":[0]},{"t":36.341796875}],"ix":2},"o":{"a":0,"k":0,"ix":3},"m":1,"ix":2,"nm":"Trim Paths 1","mn":"ADBE Vector Filter - Trim","hd":false},{"ty":"st","c":{"a":0,"k":[0.964705884457,0.745098054409,0.066666670144,1],"ix":3},"o":{"a":0,"k":100,"ix":4},"w":{"a":0,"k":1.9,"ix":5},"lc":2,"lj":1,"ml":4,"nm":"Stroke 1","mn":"ADBE Vector Graphic - Stroke","hd":false},{"ty":"tr","p":{"a":0,"k":[0,0],"ix":2},"a":{"a":0,"k":[0,0],"ix":1},"s":{"a":0,"k":[100,100],"ix":3},"r":{"a":0,"k":216,"ix":6},"o":{"a":0,"k":100,"ix":7},"sk":{"a":0,"k":0,"ix":4},"sa":{"a":0,"k":0,"ix":5},"nm":"Transform"}],"nm":"Shape 8","np":3,"cix":2,"ix":7,"mn":"ADBE Vector Group","hd":false},{"ty":"gr","it":[{"ind":0,"ty":"sh","ix":1,"ks":{"a":0,"k":{"i":[[0,0],[0,0]],"o":[[0,0],[0,0]],"v":[[0,-76.05],[0,-61.517]],"c":false},"ix":2},"nm":"Path 1","mn":"ADBE Vector Shape - Group","hd":false},{"ty":"tm","s":{"a":1,"k":[{"i":{"x":[0.667],"y":[1]},"o":{"x":[0.333],"y":[0]},"n":["0p667_1_0p333_0"],"t":16.799,"s":[100],"e":[0]},{"t":28.798828125}],"ix":1},"e":{"a":1,"k":[{"i":{"x":[0.667],"y":[1]},"o":{"x":[0.333],"y":[0]},"n":["0p667_1_0p333_0"],"t":18.857,"s":[100],"e":[0]},{"t":38.3984375}],"ix":2},"o":{"a":0,"k":0,"ix":3},"m":1,"ix":2,"nm":"Trim Paths 1","mn":"ADBE Vector Filter - Trim","hd":false},{"ty":"st","c":{"a":0,"k":[0.964705884457,0.745098054409,0.066666670144,1],"ix":3},"o":{"a":0,"k":100,"ix":4},"w":{"a":0,"k":1.9,"ix":5},"lc":2,"lj":1,"ml":4,"nm":"Stroke 1","mn":"ADBE Vector Graphic - Stroke","hd":false},{"ty":"tr","p":{"a":0,"k":[0,0],"ix":2},"a":{"a":0,"k":[0,0],"ix":1},"s":{"a":0,"k":[100,100],"ix":3},"r":{"a":0,"k":252,"ix":6},"o":{"a":0,"k":100,"ix":7},"sk":{"a":0,"k":0,"ix":4},"sa":{"a":0,"k":0,"ix":5},"nm":"Transform"}],"nm":"Shape 9","np":3,"cix":2,"ix":8,"mn":"ADBE Vector Group","hd":false},{"ty":"gr","it":[{"ind":0,"ty":"sh","ix":1,"ks":{"a":0,"k":{"i":[[0,0],[0,0]],"o":[[0,0],[0,0]],"v":[[0,-76.05],[0,-61.517]],"c":false},"ix":2},"nm":"Path 1","mn":"ADBE Vector Shape - Group","hd":false},{"ty":"tm","s":{"a":1,"k":[{"i":{"x":[0.667],"y":[1]},"o":{"x":[0.333],"y":[0]},"n":["0p667_1_0p333_0"],"t":19.199,"s":[100],"e":[0]},{"t":31.19921875}],"ix":1},"e":{"a":1,"k":[{"i":{"x":[0.667],"y":[1]},"o":{"x":[0.333],"y":[0]},"n":["0p667_1_0p333_0"],"t":21.258,"s":[100],"e":[0]},{"t":40.798828125}],"ix":2},"o":{"a":0,"k":0,"ix":3},"m":1,"ix":2,"nm":"Trim Paths 1","mn":"ADBE Vector Filter - Trim","hd":false},{"ty":"st","c":{"a":0,"k":[0.964705884457,0.745098054409,0.066666670144,1],"ix":3},"o":{"a":0,"k":100,"ix":4},"w":{"a":0,"k":1.9,"ix":5},"lc":2,"lj":1,"ml":4,"nm":"Stroke 1","mn":"ADBE Vector Graphic - Stroke","hd":false},{"ty":"tr","p":{"a":0,"k":[0,0],"ix":2},"a":{"a":0,"k":[0,0],"ix":1},"s":{"a":0,"k":[100,100],"ix":3},"r":{"a":0,"k":288,"ix":6},"o":{"a":0,"k":100,"ix":7},"sk":{"a":0,"k":0,"ix":4},"sa":{"a":0,"k":0,"ix":5},"nm":"Transform"}],"nm":"Shape 10","np":3,"cix":2,"ix":9,"mn":"ADBE Vector Group","hd":false},{"ty":"gr","it":[{"ind":0,"ty":"sh","ix":1,"ks":{"a":0,"k":{"i":[[0,0],[0,0]],"o":[[0,0],[0,0]],"v":[[0,-76.05],[0,-61.517]],"c":false},"ix":2},"nm":"Path 1","mn":"ADBE Vector Shape - Group","hd":false},{"ty":"tm","s":{"a":1,"k":[{"i":{"x":[0.667],"y":[1]},"o":{"x":[0.333],"y":[0]},"n":["0p667_1_0p333_0"],"t":21.941,"s":[100],"e":[0]},{"t":33.94140625}],"ix":1},"e":{"a":1,"k":[{"i":{"x":[0.667],"y":[1]},"o":{"x":[0.333],"y":[0]},"n":["0p667_1_0p333_0"],"t":24,"s":[100],"e":[0]},{"t":43.541015625}],"ix":2},"o":{"a":0,"k":0,"ix":3},"m":1,"ix":2,"nm":"Trim Paths 1","mn":"ADBE Vector Filter - Trim","hd":false},{"ty":"st","c":{"a":0,"k":[0.964705884457,0.745098054409,0.066666670144,1],"ix":3},"o":{"a":0,"k":100,"ix":4},"w":{"a":0,"k":1.9,"ix":5},"lc":2,"lj":1,"ml":4,"nm":"Stroke 1","mn":"ADBE Vector Graphic - Stroke","hd":false},{"ty":"tr","p":{"a":0,"k":[0,0],"ix":2},"a":{"a":0,"k":[0,0],"ix":1},"s":{"a":0,"k":[100,100],"ix":3},"r":{"a":0,"k":324,"ix":6},"o":{"a":0,"k":100,"ix":7},"sk":{"a":0,"k":0,"ix":4},"sa":{"a":0,"k":0,"ix":5},"nm":"Transform"}],"nm":"Shape 1","np":3,"cix":2,"ix":10,"mn":"ADBE Vector Group","hd":false},{"ty":"tr","p":{"a":0,"k":[0,0],"ix":2},"a":{"a":0,"k":[0,0],"ix":1},"s":{"a":0,"k":[489.247,489.247],"ix":3},"r":{"a":0,"k":138.015,"ix":6},"o":{"a":0,"k":100,"ix":7},"sk":{"a":0,"k":0,"ix":4},"sa":{"a":0,"k":0,"ix":5},"nm":"Transform"}],"nm":"Group 3","np":10,"cix":2,"ix":1,"mn":"ADBE Vector Group","hd":false},{"ty":"tr","p":{"a":0,"k":[0,0],"ix":2},"a":{"a":0,"k":[0,0],"ix":1},"s":{"a":0,"k":[100,100],"ix":3},"r":{"a":0,"k":0,"ix":6},"o":{"a":0,"k":100,"ix":7},"sk":{"a":0,"k":0,"ix":4},"sa":{"a":0,"k":0,"ix":5},"nm":"Transform"}],"nm":"Front","np":1,"cix":2,"ix":1,"mn":"ADBE Vector Group","hd":false},{"ty":"gr","it":[{"ty":"rp","c":{"a":0,"k":1,"ix":1,"x":"var $bm_rt;\n$bm_rt = clamp(mul(div(effect('Extrude')('ADBE Slider Control-0001'), 100), effect('Quality')('ADBE Slider Control-0001')), 0.1, 1000);"},"o":{"a":0,"k":1,"ix":2},"m":1,"ix":2,"tr":{"ty":"tr","p":{"a":0,"k":[0,0],"ix":2,"x":"var $bm_rt;\nvar quality, radius, startAngle, xt, yt;\nquality = clamp(effect('Quality')('ADBE Slider Control-0001'), 0.1, 1000);\nradius = div(effect('Extrude')('ADBE Slider Control-0001'), quality);\nstartAngle = degreesToRadians(sub(effect('Angle')('ADBE Angle Control-0001'), 90));\nxt = sum(value[0], mul(radius, Math.cos(startAngle)));\nyt = sum(value[1], mul(radius, Math.sin(startAngle)));\n$bm_rt = [\n    xt,\n    yt\n];"},"a":{"a":0,"k":[0,0],"ix":1},"s":{"a":0,"k":[100,100],"ix":3},"r":{"a":0,"k":0,"ix":4},"so":{"a":0,"k":100,"ix":5},"eo":{"a":0,"k":100,"ix":6},"nm":"Transform"},"nm":"Repeater 1","mn":"ADBE Vector Filter - Repeater","hd":false},{"ty":"tr","p":{"a":0,"k":[0,0],"ix":2},"a":{"a":0,"k":[0,0],"ix":1},"s":{"a":0,"k":[100,100],"ix":3},"r":{"a":0,"k":0,"ix":6},"o":{"a":0,"k":100,"ix":7},"sk":{"a":0,"k":0,"ix":4},"sa":{"a":0,"k":0,"ix":5},"nm":"Transform"}],"nm":"Extrude","np":2,"cix":2,"ix":2,"mn":"ADBE Vector Group","hd":false}],"ip":0,"op":49,"st":-0.19921875,"bm":0}]}],"layers":[{"ddd":0,"ind":1,"ty":0,"nm":"_like","refId":"comp_0","sr":1,"ks":{"o":{"a":0,"k":100,"ix":11},"r":{"a":0,"k":0,"ix":10},"p":{"a":0,"k":[128,128,0],"ix":2},"a":{"a":0,"k":[128,128,0],"ix":1},"s":{"a":0,"k":[100,100,100],"ix":6}},"ao":0,"w":256,"h":256,"ip":0,"op":180,"st":0,"bm":0},{"ddd":0,"ind":2,"ty":0,"nm":"Charisma Shapes 06","refId":"comp_1","sr":1,"ks":{"o":{"a":0,"k":100,"ix":11},"r":{"a":0,"k":0,"ix":10},"p":{"a":0,"k":[128,128,0],"ix":2},"a":{"a":0,"k":[960,540,0],"ix":1},"s":{"a":0,"k":[28.333,28.333,100],"ix":6}},"ao":0,"ef":[{"ty":5,"nm":"Color","np":3,"mn":"ADBE Color Control","ix":1,"en":1,"ef":[{"ty":2,"nm":"Color","mn":"ADBE Color Control-0001","ix":1,"v":{"a":0,"k":[1,0.964705884457,0.423529416323,1],"ix":1}}]},{"ty":5,"nm":"Extrude Color","np":3,"mn":"ADBE Color Control","ix":2,"en":1,"ef":[{"ty":2,"nm":"Color","mn":"ADBE Color Control-0001","ix":1,"v":{"a":0,"k":[0.898039221764,0.743166327477,0.271172612906,1],"ix":1}}]},{"ty":5,"nm":"Color 2","np":3,"mn":"ADBE Color Control","ix":3,"en":1,"ef":[{"ty":2,"nm":"Color","mn":"ADBE Color Control-0001","ix":1,"v":{"a":0,"k":[1,0.636678159237,0.117647051811,1],"ix":1}}]},{"ty":5,"nm":"Extrude Color 2","np":3,"mn":"ADBE Color Control","ix":4,"en":1,"ef":[{"ty":2,"nm":"Color","mn":"ADBE Color Control-0001","ix":1,"v":{"a":0,"k":[0.899999976158,0.440179944038,0.102352939546,1],"ix":1}}]},{"ty":5,"nm":"Color 3","np":3,"mn":"ADBE Color Control","ix":5,"en":1,"ef":[{"ty":2,"nm":"Color","mn":"ADBE Color Control-0001","ix":1,"v":{"a":0,"k":[1,1,1,1],"ix":1}}]},{"ty":5,"nm":"Extrude Color 3","np":3,"mn":"ADBE Color Control","ix":6,"en":1,"ef":[{"ty":2,"nm":"Color","mn":"ADBE Color Control-0001","ix":1,"v":{"a":0,"k":[0.899999976158,0.899999976158,0.899999976158,1],"ix":1}}]},{"ty":5,"nm":"Quality Slider","np":3,"mn":"ADBE Slider Control","ix":7,"en":1,"ef":[{"ty":0,"nm":"Slider","mn":"ADBE Slider Control-0001","ix":1,"v":{"a":0,"k":100,"ix":1}}]},{"ty":5,"nm":"Extrude Slider","np":3,"mn":"ADBE Slider Control","ix":8,"en":1,"ef":[{"ty":0,"nm":"Slider","mn":"ADBE Slider Control-0001","ix":1,"v":{"a":0,"k":0,"ix":1}}]},{"ty":5,"nm":"Angle Angle","np":3,"mn":"ADBE Angle Control","ix":9,"en":1,"ef":[{"ty":0,"nm":"Angle","mn":"ADBE Angle Control-0001","ix":1,"v":{"a":0,"k":-45,"ix":1}}]}],"w":1920,"h":1080,"ip":0,"op":49,"st":0,"bm":0}],"markers":[]}