{
  "v": "5.1.10",
  "fr": 29.9700012207031,
  "ip": 0,
  "op": 35.0000014255792,
  "w": 1920,
  "h": 1920,
  "nm": "Comp 1",
  "ddd": 0,
  "assets": [],
  "layers": [
    {
      "ddd": 0,
      "ind": 1,
      "ty": 4,
      "nm": "skadls Outlines 2",
      "sr": 1,
      "ks": {
        "o": {
          "a": 0,
          "k": 100,
          "ix": 11
        },
        "r": {
          "a": 0,
          "k": 0,
          "ix": 10
        },
        "p": {
          "a": 0,
          "k": [
            960,
            960,
            0
          ],
          "ix": 2
        },
        "a": {
          "a": 0,
          "k": [
            17,
            15,
            0
          ],
          "ix": 1
        },
        "s": {
          "a": 1,
          "k": [
            {
              "i": {
                "x": [
                  0.667,
                  0.667,
                  0.667
                ],
                "y": [
                  1,
                  1,
                  1
                ]
              },
              "o": {
                "x": [
                  0.167,
                  0.167,
                  0.167
                ],
                "y": [
                  0.167,
                  0.167,
                  -1.667
                ]
              },
              "n": [
                "0p667_1_0p167_0p167",
                "0p667_1_0p167_0p167",
                "0p667_1_0p167_-1p667"
              ],
              "t": 0,
              "s": [
                3000,
                3000,
                100
              ],
              "e": [
                3300,
                3300,
                100
              ]
            },
            {
              "i": {
                "x": [
                  0.667,
                  0.667,
                  0.667
                ],
                "y": [
                  1,
                  1,
                  1
                ]
              },
              "o": {
                "x": [
                  0.167,
                  0.167,
                  0.167
                ],
                "y": [
                  0.167,
                  0.167,
                  -3.182
                ]
              },
              "n": [
                "0p667_1_0p167_0p167",
                "0p667_1_0p167_0p167",
                "0p667_1_0p167_-3p182"
              ],
              "t": 6,
              "s": [
                3300,
                3300,
                100
              ],
              "e": [
                3000,
                3000,
                100
              ]
            },
            {
              "t": 10.0000004073083
            }
          ],
          "ix": 6
        }
      },
      "ao": 0,
      "hasMask": true,
      "masksProperties": [
        {
          "inv": false,
          "mode": "a",
          "pt": {
            "a": 1,
            "k": [
              {
                "i": {
                  "x": 0.833,
                  "y": 0.833
                },
                "o": {
                  "x": 0.167,
                  "y": 0.167
                },
                "n": "0p833_0p833_0p167_0p167",
                "t": 6,
                "s": [
                  {
                    "i": [
                      [
                        13.6,
                        2.933
                      ],
                      [
                        7.2,
                        0.267
                      ],
                      [
                        6,
                        0.533
                      ],
                      [
                        0,
                        0
                      ],
                      [
                        0,
                        0
                      ],
                      [
                        0,
                        0
                      ],
                      [
                        0,
                        0
                      ]
                    ],
                    "o": [
                      [
                        -6.39,
                        -1.378
                      ],
                      [
                        -7.2,
                        -0.267
                      ],
                      [
                        -6,
                        -0.533
                      ],
                      [
                        0,
                        0
                      ],
                      [
                        0,
                        0
                      ],
                      [
                        0,
                        0
                      ],
                      [
                        0,
                        0
                      ]
                    ],
                    "v": [
                      [
                        30.6,
                        24.067
                      ],
                      [
                        15.8,
                        29.133
                      ],
                      [
                        4.333,
                        24.6
                      ],
                      [
                        -8.067,
                        31.267
                      ],
                      [
                        -2.867,
                        68.867
                      ],
                      [
                        43.8,
                        68.867
                      ],
                      [
                        47.4,
                        18.733
                      ]
                    ],
                    "c": true
                  }
                ],
                "e": [
                  {
                    "i": [
                      [
                        13.6,
                        2.933
                      ],
                      [
                        7.2,
                        0.267
                      ],
                      [
                        6,
                        0.533
                      ],
                      [
                        0,
                        0
                      ],
                      [
                        0,
                        0
                      ],
                      [
                        0,
                        0
                      ],
                      [
                        0,
                        0
                      ]
                    ],
                    "o": [
                      [
                        -6.39,
                        -1.378
                      ],
                      [
                        -7.2,
                        -0.267
                      ],
                      [
                        -6,
                        -0.533
                      ],
                      [
                        0,
                        0
                      ],
                      [
                        0,
                        0
                      ],
                      [
                        0,
                        0
                      ],
                      [
                        0,
                        0
                      ]
                    ],
                    "v": [
                      [
                        23.327,
                        -5.145
                      ],
                      [
                        8.527,
                        -0.079
                      ],
                      [
                        -2.939,
                        -4.612
                      ],
                      [
                        -15.339,
                        2.055
                      ],
                      [
                        -10.139,
                        39.655
                      ],
                      [
                        36.527,
                        39.655
                      ],
                      [
                        40.127,
                        -10.479
                      ]
                    ],
                    "c": true
                  }
                ]
              },
              {
                "t": 15.0000006109625
              }
            ],
            "ix": 1
          },
          "o": {
            "a": 0,
            "k": 100,
            "ix": 3
          },
          "x": {
            "a": 0,
            "k": 0,
            "ix": 4
          },
          "nm": "Mask 1"
        }
      ],
      "shapes": [
        {
          "ty": "gr",
          "it": [
            {
              "ind": 0,
              "ty": "sh",
              "ix": 1,
              "ks": {
                "a": 0,
                "k": {
                  "i": [
                    [
                      6,
                      1
                    ],
                    [
                      0,
                      0
                    ],
                    [
                      6,
                      -1
                    ],
                    [
                      -6,
                      -8
                    ],
                    [
                      0,
                      0
                    ],
                    [
                      -6,
                      8
                    ]
                  ],
                  "o": [
                    [
                      -6,
                      -1
                    ],
                    [
                      0,
                      0
                    ],
                    [
                      -6,
                      1
                    ],
                    [
                      6,
                      8
                    ],
                    [
                      0,
                      0
                    ],
                    [
                      6,
                      -8
                    ]
                  ],
                  "v": [
                    [
                      8.819,
                      -13.016
                    ],
                    [
                      -0.181,
                      -8.016
                    ],
                    [
                      -9.181,
                      -13.016
                    ],
                    [
                      -13.181,
                      1.984
                    ],
                    [
                      -0.181,
                      13.984
                    ],
                    [
                      12.819,
                      1.984
                    ]
                  ],
                  "c": true
                },
                "ix": 2
              },
              "nm": "Path 1",
              "mn": "ADBE Vector Shape - Group",
              "hd": false
            },
            {
              "ty": "mm",
              "mm": 4,
              "nm": "Merge Paths 1",
              "mn": "ADBE Vector Filter - Merge",
              "hd": false
            },
            {
              "ty": "fl",
              "c": {
                "a": 0,
                "k": [
                  0.921568627451,
                  0.329411764706,
                  0.156862745098,
                  1
                ],
                "ix": 4
              },
              "o": {
                "a": 0,
                "k": 100,
                "ix": 5
              },
              "r": 1,
              "nm": "Fill 1",
              "mn": "ADBE Vector Graphic - Fill",
              "hd": false
            },
            {
              "ty": "tr",
              "p": {
                "a": 0,
                "k": [
                  16.9,
                  13.985
                ],
                "ix": 2
              },
              "a": {
                "a": 0,
                "k": [
                  0,
                  0
                ],
                "ix": 1
              },
              "s": {
                "a": 0,
                "k": [
                  100,
                  100
                ],
                "ix": 3
              },
              "r": {
                "a": 0,
                "k": 0,
                "ix": 6
              },
              "o": {
                "a": 0,
                "k": 100,
                "ix": 7
              },
              "sk": {
                "a": 0,
                "k": 0,
                "ix": 4
              },
              "sa": {
                "a": 0,
                "k": 0,
                "ix": 5
              },
              "nm": "Transform"
            }
          ],
          "nm": "Group 1",
          "np": 3,
          "cix": 2,
          "ix": 1,
          "mn": "ADBE Vector Group",
          "hd": false
        }
      ],
      "ip": 0,
      "op": 70.0000028511585,
      "st": 0,
      "bm": 0
    },
    {
      "ddd": 0,
      "ind": 2,
      "ty": 4,
      "nm": "skadls Outlines",
      "sr": 1,
      "ks": {
        "o": {
          "a": 0,
          "k": 100,
          "ix": 11
        },
        "r": {
          "a": 0,
          "k": 0,
          "ix": 10
        },
        "p": {
          "a": 0,
          "k": [
            960,
            960,
            0
          ],
          "ix": 2
        },
        "a": {
          "a": 0,
          "k": [
            17,
            15,
            0
          ],
          "ix": 1
        },
        "s": {
          "a": 1,
          "k": [
            {
              "i": {
                "x": [
                  0.667,
                  0.667,
                  0.667
                ],
                "y": [
                  1,
                  1,
                  1
                ]
              },
              "o": {
                "x": [
                  0.167,
                  0.167,
                  0.167
                ],
                "y": [
                  0.167,
                  0.167,
                  -1.667
                ]
              },
              "n": [
                "0p667_1_0p167_0p167",
                "0p667_1_0p167_0p167",
                "0p667_1_0p167_-1p667"
              ],
              "t": 0,
              "s": [
                3000,
                3000,
                100
              ],
              "e": [
                3300,
                3300,
                100
              ]
            },
            {
              "i": {
                "x": [
                  0.667,
                  0.667,
                  0.667
                ],
                "y": [
                  1,
                  1,
                  1
                ]
              },
              "o": {
                "x": [
                  0.167,
                  0.167,
                  0.167
                ],
                "y": [
                  0.167,
                  0.167,
                  -3.182
                ]
              },
              "n": [
                "0p667_1_0p167_0p167",
                "0p667_1_0p167_0p167",
                "0p667_1_0p167_-3p182"
              ],
              "t": 6,
              "s": [
                3300,
                3300,
                100
              ],
              "e": [
                3000,
                3000,
                100
              ]
            },
            {
              "t": 10.0000004073083
            }
          ],
          "ix": 6
        }
      },
      "ao": 0,
      "shapes": [
        {
          "ty": "gr",
          "it": [
            {
              "ind": 0,
              "ty": "sh",
              "ix": 1,
              "ks": {
                "a": 0,
                "k": {
                  "i": [
                    [
                      6,
                      1
                    ],
                    [
                      0,
                      0
                    ],
                    [
                      6,
                      -1
                    ],
                    [
                      -6,
                      -8
                    ],
                    [
                      0,
                      0
                    ],
                    [
                      -6,
                      8
                    ]
                  ],
                  "o": [
                    [
                      -6,
                      -1
                    ],
                    [
                      0,
                      0
                    ],
                    [
                      -6,
                      1
                    ],
                    [
                      6,
                      8
                    ],
                    [
                      0,
                      0
                    ],
                    [
                      6,
                      -8
                    ]
                  ],
                  "v": [
                    [
                      8.819,
                      -13.016
                    ],
                    [
                      -0.181,
                      -8.016
                    ],
                    [
                      -9.181,
                      -13.016
                    ],
                    [
                      -13.181,
                      1.984
                    ],
                    [
                      -0.181,
                      13.984
                    ],
                    [
                      12.819,
                      1.984
                    ]
                  ],
                  "c": true
                },
                "ix": 2
              },
              "nm": "Path 1",
              "mn": "ADBE Vector Shape - Group",
              "hd": false
            },
            {
              "ty": "mm",
              "mm": 4,
              "nm": "Merge Paths 1",
              "mn": "ADBE Vector Filter - Merge",
              "hd": false
            },
            {
              "ty": "fl",
              "c": {
                "a": 0,
                "k": [
                  0.956862747669,
                  0.956862747669,
                  0.956862747669,
                  1
                ],
                "ix": 4
              },
              "o": {
                "a": 0,
                "k": 100,
                "ix": 5
              },
              "r": 1,
              "nm": "Fill 1",
              "mn": "ADBE Vector Graphic - Fill",
              "hd": false
            },
            {
              "ty": "tr",
              "p": {
                "a": 0,
                "k": [
                  16.9,
                  13.985
                ],
                "ix": 2
              },
              "a": {
                "a": 0,
                "k": [
                  0,
                  0
                ],
                "ix": 1
              },
              "s": {
                "a": 0,
                "k": [
                  100,
                  100
                ],
                "ix": 3
              },
              "r": {
                "a": 0,
                "k": 0,
                "ix": 6
              },
              "o": {
                "a": 0,
                "k": 100,
                "ix": 7
              },
              "sk": {
                "a": 0,
                "k": 0,
                "ix": 4
              },
              "sa": {
                "a": 0,
                "k": 0,
                "ix": 5
              },
              "nm": "Transform"
            }
          ],
          "nm": "Group 1",
          "np": 3,
          "cix": 2,
          "ix": 1,
          "mn": "ADBE Vector Group",
          "hd": false
        }
      ],
      "ip": 0,
      "op": 70.0000028511585,
      "st": 0,
      "bm": 0
    },
    {
      "ddd": 0,
      "ind": 3,
      "ty": 4,
      "nm": "Shape Layer 6",
      "sr": 1,
      "ks": {
        "o": {
          "a": 1,
          "k": [
            {
              "i": {
                "x": [
                  0.833
                ],
                "y": [
                  0.833
                ]
              },
              "o": {
                "x": [
                  0.167
                ],
                "y": [
                  0.167
                ]
              },
              "n": [
                "0p833_0p833_0p167_0p167"
              ],
              "t": 7,
              "s": [
                100
              ],
              "e": [
                0
              ]
            },
            {
              "t": 29.0000011811942
            }
          ],
          "ix": 11
        },
        "r": {
          "a": 0,
          "k": 0,
          "ix": 10
        },
        "p": {
          "a": 1,
          "k": [
            {
              "i": {
                "x": 0.667,
                "y": 1
              },
              "o": {
                "x": 0.333,
                "y": 0
              },
              "n": "0p667_1_0p333_0",
              "t": 7,
              "s": [
                1186,
                1164,
                0
              ],
              "e": [
                1168.133,
                633.967,
                0
              ],
              "to": [
                98.4460296630859,
                -311.353240966797,
                0
              ],
              "ti": [
                20.1661014556885,
                149.624130249023,
                0
              ]
            },
            {
              "i": {
                "x": 0.667,
                "y": 1
              },
              "o": {
                "x": 0.333,
                "y": 0
              },
              "n": "0p667_1_0p333_0",
              "t": 22,
              "s": [
                1168.133,
                633.967,
                0
              ],
              "e": [
                1180,
                380,
                0
              ],
              "to": [
                -8.37552738189697,
                -62.1429557800293,
                0
              ],
              "ti": [
                -68.4715576171875,
                109.163230895996,
                0
              ]
            },
            {
              "t": 29.0000011811942
            }
          ],
          "ix": 2
        },
        "a": {
          "a": 0,
          "k": [
            -36,
            -496,
            0
          ],
          "ix": 1
        },
        "s": {
          "a": 0,
          "k": [
            100,
            100,
            100
          ],
          "ix": 6
        }
      },
      "ao": 0,
      "shapes": [
        {
          "ty": "gr",
          "it": [
            {
              "d": 1,
              "ty": "el",
              "s": {
                "a": 0,
                "k": [
                  72,
                  72
                ],
                "ix": 2
              },
              "p": {
                "a": 0,
                "k": [
                  0,
                  0
                ],
                "ix": 3
              },
              "nm": "Ellipse Path 1",
              "mn": "ADBE Vector Shape - Ellipse",
              "hd": false
            },
            {
              "ty": "fl",
              "c": {
                "a": 0,
                "k": [
                  0.921568627451,
                  0.329411764706,
                  0.156862745098,
                  1
                ],
                "ix": 4
              },
              "o": {
                "a": 0,
                "k": 100,
                "ix": 5
              },
              "r": 1,
              "nm": "Fill 1",
              "mn": "ADBE Vector Graphic - Fill",
              "hd": false
            },
            {
              "ty": "tr",
              "p": {
                "a": 0,
                "k": [
                  -36,
                  -496
                ],
                "ix": 2
              },
              "a": {
                "a": 0,
                "k": [
                  0,
                  0
                ],
                "ix": 1
              },
              "s": {
                "a": 0,
                "k": [
                  100,
                  100
                ],
                "ix": 3
              },
              "r": {
                "a": 0,
                "k": 0,
                "ix": 6
              },
              "o": {
                "a": 0,
                "k": 100,
                "ix": 7
              },
              "sk": {
                "a": 0,
                "k": 0,
                "ix": 4
              },
              "sa": {
                "a": 0,
                "k": 0,
                "ix": 5
              },
              "nm": "Transform"
            }
          ],
          "nm": "Ellipse 1",
          "np": 3,
          "cix": 2,
          "ix": 1,
          "mn": "ADBE Vector Group",
          "hd": false
        }
      ],
      "ip": -4.00000016292334,
      "op": 296.000012056327,
      "st": -4.00000016292334,
      "bm": 0
    },
    {
      "ddd": 0,
      "ind": 4,
      "ty": 4,
      "nm": "Shape Layer 5",
      "sr": 1,
      "ks": {
        "o": {
          "a": 1,
          "k": [
            {
              "i": {
                "x": [
                  0.833
                ],
                "y": [
                  0.833
                ]
              },
              "o": {
                "x": [
                  0.167
                ],
                "y": [
                  0.167
                ]
              },
              "n": [
                "0p833_0p833_0p167_0p167"
              ],
              "t": 7,
              "s": [
                100
              ],
              "e": [
                0
              ]
            },
            {
              "t": 35.0000014255792
            }
          ],
          "ix": 11
        },
        "r": {
          "a": 0,
          "k": 0,
          "ix": 10
        },
        "p": {
          "a": 1,
          "k": [
            {
              "i": {
                "x": 0.833,
                "y": 0.833
              },
              "o": {
                "x": 0.167,
                "y": 0.167
              },
              "n": "0p833_0p833_0p167_0p167",
              "t": 7,
              "s": [
                1010,
                1114,
                0
              ],
              "e": [
                1110,
                222,
                0
              ],
              "to": [
                28.6550407409668,
                -50.611499786377,
                0
              ],
              "ti": [
                -45.9856719970703,
                39.6700439453125,
                0
              ]
            },
            {
              "t": 35.0000014255792
            }
          ],
          "ix": 2
        },
        "a": {
          "a": 0,
          "k": [
            -36,
            -496,
            0
          ],
          "ix": 1
        },
        "s": {
          "a": 0,
          "k": [
            100,
            100,
            100
          ],
          "ix": 6
        }
      },
      "ao": 0,
      "shapes": [
        {
          "ty": "gr",
          "it": [
            {
              "d": 1,
              "ty": "el",
              "s": {
                "a": 0,
                "k": [
                  72,
                  72
                ],
                "ix": 2
              },
              "p": {
                "a": 0,
                "k": [
                  0,
                  0
                ],
                "ix": 3
              },
              "nm": "Ellipse Path 1",
              "mn": "ADBE Vector Shape - Ellipse",
              "hd": false
            },
            {
              "ty": "fl",
              "c": {
                "a": 0,
                "k": [
                  0.921568627451,
                  0.329411764706,
                  0.156862745098,
                  1
                ],
                "ix": 4
              },
              "o": {
                "a": 0,
                "k": 100,
                "ix": 5
              },
              "r": 1,
              "nm": "Fill 1",
              "mn": "ADBE Vector Graphic - Fill",
              "hd": false
            },
            {
              "ty": "tr",
              "p": {
                "a": 0,
                "k": [
                  -36,
                  -496
                ],
                "ix": 2
              },
              "a": {
                "a": 0,
                "k": [
                  0,
                  0
                ],
                "ix": 1
              },
              "s": {
                "a": 0,
                "k": [
                  100,
                  100
                ],
                "ix": 3
              },
              "r": {
                "a": 0,
                "k": 0,
                "ix": 6
              },
              "o": {
                "a": 0,
                "k": 100,
                "ix": 7
              },
              "sk": {
                "a": 0,
                "k": 0,
                "ix": 4
              },
              "sa": {
                "a": 0,
                "k": 0,
                "ix": 5
              },
              "nm": "Transform"
            }
          ],
          "nm": "Ellipse 1",
          "np": 3,
          "cix": 2,
          "ix": 1,
          "mn": "ADBE Vector Group",
          "hd": false
        }
      ],
      "ip": -4.00000016292334,
      "op": 296.000012056327,
      "st": -4.00000016292334,
      "bm": 0
    },
    {
      "ddd": 0,
      "ind": 5,
      "ty": 4,
      "nm": "Shape Layer 2",
      "sr": 1,
      "ks": {
        "o": {
          "a": 1,
          "k": [
            {
              "i": {
                "x": [
                  0.833
                ],
                "y": [
                  0.833
                ]
              },
              "o": {
                "x": [
                  0.167
                ],
                "y": [
                  0.167
                ]
              },
              "n": [
                "0p833_0p833_0p167_0p167"
              ],
              "t": 7,
              "s": [
                100
              ],
              "e": [
                0
              ]
            },
            {
              "t": 35.0000014255792
            }
          ],
          "ix": 11
        },
        "r": {
          "a": 0,
          "k": 0,
          "ix": 10
        },
        "p": {
          "a": 1,
          "k": [
            {
              "i": {
                "x": 0.833,
                "y": 0.833
              },
              "o": {
                "x": 0.167,
                "y": 0.167
              },
              "n": "0p833_0p833_0p167_0p167",
              "t": 7,
              "s": [
                928,
                1060,
                0
              ],
              "e": [
                834,
                432,
                0
              ],
              "to": [
                -172.143844604492,
                -249.131912231445,
                0
              ],
              "ti": [
                27.7349319458008,
                45.4582290649414,
                0
              ]
            },
            {
              "t": 35.0000014255792
            }
          ],
          "ix": 2
        },
        "a": {
          "a": 0,
          "k": [
            -36,
            -496,
            0
          ],
          "ix": 1
        },
        "s": {
          "a": 0,
          "k": [
            100,
            100,
            100
          ],
          "ix": 6
        }
      },
      "ao": 0,
      "shapes": [
        {
          "ty": "gr",
          "it": [
            {
              "d": 1,
              "ty": "el",
              "s": {
                "a": 0,
                "k": [
                  72,
                  72
                ],
                "ix": 2
              },
              "p": {
                "a": 0,
                "k": [
                  0,
                  0
                ],
                "ix": 3
              },
              "nm": "Ellipse Path 1",
              "mn": "ADBE Vector Shape - Ellipse",
              "hd": false
            },
            {
              "ty": "fl",
              "c": {
                "a": 0,
                "k": [
                  0.921568627451,
                  0.329411764706,
                  0.156862745098,
                  1
                ],
                "ix": 4
              },
              "o": {
                "a": 0,
                "k": 100,
                "ix": 5
              },
              "r": 1,
              "nm": "Fill 1",
              "mn": "ADBE Vector Graphic - Fill",
              "hd": false
            },
            {
              "ty": "tr",
              "p": {
                "a": 0,
                "k": [
                  -36,
                  -496
                ],
                "ix": 2
              },
              "a": {
                "a": 0,
                "k": [
                  0,
                  0
                ],
                "ix": 1
              },
              "s": {
                "a": 0,
                "k": [
                  100,
                  100
                ],
                "ix": 3
              },
              "r": {
                "a": 0,
                "k": 0,
                "ix": 6
              },
              "o": {
                "a": 0,
                "k": 100,
                "ix": 7
              },
              "sk": {
                "a": 0,
                "k": 0,
                "ix": 4
              },
              "sa": {
                "a": 0,
                "k": 0,
                "ix": 5
              },
              "nm": "Transform"
            }
          ],
          "nm": "Ellipse 1",
          "np": 3,
          "cix": 2,
          "ix": 1,
          "mn": "ADBE Vector Group",
          "hd": false
        }
      ],
      "ip": -4.00000016292334,
      "op": 296.000012056327,
      "st": -4.00000016292334,
      "bm": 0
    },
    {
      "ddd": 0,
      "ind": 6,
      "ty": 4,
      "nm": "Shape Layer 3",
      "sr": 1,
      "ks": {
        "o": {
          "a": 1,
          "k": [
            {
              "i": {
                "x": [
                  0.833
                ],
                "y": [
                  0.833
                ]
              },
              "o": {
                "x": [
                  0.167
                ],
                "y": [
                  0.167
                ]
              },
              "n": [
                "0p833_0p833_0p167_0p167"
              ],
              "t": 13,
              "s": [
                100
              ],
              "e": [
                0
              ]
            },
            {
              "t": 35.0000014255792
            }
          ],
          "ix": 11
        },
        "r": {
          "a": 0,
          "k": 0,
          "ix": 10
        },
        "p": {
          "a": 1,
          "k": [
            {
              "i": {
                "x": 0.833,
                "y": 0.833
              },
              "o": {
                "x": 0.167,
                "y": 0.167
              },
              "n": "0p833_0p833_0p167_0p167",
              "t": -4,
              "s": [
                748,
                1010,
                0
              ],
              "e": [
                748,
                890,
                0
              ],
              "to": [
                0,
                -20,
                0
              ],
              "ti": [
                -13.6666669845581,
                132,
                0
              ]
            },
            {
              "i": {
                "x": 0.833,
                "y": 0.833
              },
              "o": {
                "x": 0.167,
                "y": 0.167
              },
              "n": "0p833_0p833_0p167_0p167",
              "t": 13,
              "s": [
                748,
                890,
                0
              ],
              "e": [
                830,
                218,
                0
              ],
              "to": [
                13.6666669845581,
                -132,
                0
              ],
              "ti": [
                -210,
                384.666656494141,
                0
              ]
            },
            {
              "t": 35.0000014255792
            }
          ],
          "ix": 2
        },
        "a": {
          "a": 0,
          "k": [
            72,
            -372,
            0
          ],
          "ix": 1
        },
        "s": {
          "a": 0,
          "k": [
            100,
            100,
            100
          ],
          "ix": 6
        }
      },
      "ao": 0,
      "shapes": [
        {
          "ty": "gr",
          "it": [
            {
              "d": 1,
              "ty": "el",
              "s": {
                "a": 0,
                "k": [
                  68,
                  68
                ],
                "ix": 2
              },
              "p": {
                "a": 0,
                "k": [
                  0,
                  0
                ],
                "ix": 3
              },
              "nm": "Ellipse Path 1",
              "mn": "ADBE Vector Shape - Ellipse",
              "hd": false
            },
            {
              "ty": "fl",
              "c": {
                "a": 0,
                "k": [
                  0.921568627451,
                  0.329411764706,
                  0.156862745098,
                  1
                ],
                "ix": 4
              },
              "o": {
                "a": 0,
                "k": 100,
                "ix": 5
              },
              "r": 1,
              "nm": "Fill 1",
              "mn": "ADBE Vector Graphic - Fill",
              "hd": false
            },
            {
              "ty": "tr",
              "p": {
                "a": 0,
                "k": [
                  72,
                  -372
                ],
                "ix": 2
              },
              "a": {
                "a": 0,
                "k": [
                  0,
                  0
                ],
                "ix": 1
              },
              "s": {
                "a": 0,
                "k": [
                  100,
                  100
                ],
                "ix": 3
              },
              "r": {
                "a": 0,
                "k": 0,
                "ix": 6
              },
              "o": {
                "a": 0,
                "k": 100,
                "ix": 7
              },
              "sk": {
                "a": 0,
                "k": 0,
                "ix": 4
              },
              "sa": {
                "a": 0,
                "k": 0,
                "ix": 5
              },
              "nm": "Transform"
            }
          ],
          "nm": "Ellipse 1",
          "np": 3,
          "cix": 2,
          "ix": 1,
          "mn": "ADBE Vector Group",
          "hd": false
        }
      ],
      "ip": -4.00000016292334,
      "op": 296.000012056327,
      "st": -4.00000016292334,
      "bm": 0
    },
    {
      "ddd": 0,
      "ind": 7,
      "ty": 4,
      "nm": "Shape Layer 1",
      "sr": 1,
      "ks": {
        "o": {
          "a": 1,
          "k": [
            {
              "i": {
                "x": [
                  0.833
                ],
                "y": [
                  0.833
                ]
              },
              "o": {
                "x": [
                  0.167
                ],
                "y": [
                  0.167
                ]
              },
              "n": [
                "0p833_0p833_0p167_0p167"
              ],
              "t": 13,
              "s": [
                100
              ],
              "e": [
                0
              ]
            },
            {
              "t": 35.0000014255792
            }
          ],
          "ix": 11
        },
        "r": {
          "a": 0,
          "k": 0,
          "ix": 10
        },
        "p": {
          "a": 1,
          "k": [
            {
              "i": {
                "x": 0.833,
                "y": 0.833
              },
              "o": {
                "x": 0.167,
                "y": 0.167
              },
              "n": "0p833_0p833_0p167_0p167",
              "t": -4,
              "s": [
                1102,
                1022,
                0
              ],
              "e": [
                1102,
                902,
                0
              ],
              "to": [
                0,
                -6.66666650772095,
                0
              ],
              "ti": [
                -103.360725402832,
                2.23724508285522,
                0
              ]
            },
            {
              "i": {
                "x": 0.833,
                "y": 0.833
              },
              "o": {
                "x": 0.167,
                "y": 0.167
              },
              "n": "0p833_0p833_0p167_0p167",
              "t": 13,
              "s": [
                1102,
                902,
                0
              ],
              "e": [
                1226,
                264,
                0
              ],
              "to": [
                154,
                -3.33333325386047,
                0
              ],
              "ti": [
                78,
                280.666656494141,
                0
              ]
            },
            {
              "t": 35.0000014255792
            }
          ],
          "ix": 2
        },
        "a": {
          "a": 0,
          "k": [
            72,
            -372,
            0
          ],
          "ix": 1
        },
        "s": {
          "a": 0,
          "k": [
            100,
            100,
            100
          ],
          "ix": 6
        }
      },
      "ao": 0,
      "shapes": [
        {
          "ty": "gr",
          "it": [
            {
              "d": 1,
              "ty": "el",
              "s": {
                "a": 0,
                "k": [
                  68,
                  68
                ],
                "ix": 2
              },
              "p": {
                "a": 0,
                "k": [
                  0,
                  0
                ],
                "ix": 3
              },
              "nm": "Ellipse Path 1",
              "mn": "ADBE Vector Shape - Ellipse",
              "hd": false
            },
            {
              "ty": "fl",
              "c": {
                "a": 0,
                "k": [
                  0.921568627451,
                  0.329411764706,
                  0.156862745098,
                  1
                ],
                "ix": 4
              },
              "o": {
                "a": 0,
                "k": 100,
                "ix": 5
              },
              "r": 1,
              "nm": "Fill 1",
              "mn": "ADBE Vector Graphic - Fill",
              "hd": false
            },
            {
              "ty": "tr",
              "p": {
                "a": 0,
                "k": [
                  72,
                  -372
                ],
                "ix": 2
              },
              "a": {
                "a": 0,
                "k": [
                  0,
                  0
                ],
                "ix": 1
              },
              "s": {
                "a": 0,
                "k": [
                  100,
                  100
                ],
                "ix": 3
              },
              "r": {
                "a": 0,
                "k": 0,
                "ix": 6
              },
              "o": {
                "a": 0,
                "k": 100,
                "ix": 7
              },
              "sk": {
                "a": 0,
                "k": 0,
                "ix": 4
              },
              "sa": {
                "a": 0,
                "k": 0,
                "ix": 5
              },
              "nm": "Transform"
            }
          ],
          "nm": "Ellipse 1",
          "np": 3,
          "cix": 2,
          "ix": 1,
          "mn": "ADBE Vector Group",
          "hd": false
        }
      ],
      "ip": -4.00000016292334,
      "op": 296.000012056327,
      "st": -4.00000016292334,
      "bm": 0
    }
  ],
  "markers": []
}