{"v":"5.12.1","fr":30,"ip":0,"op":64,"w":100,"h":100,"nm":"Verify","ddd":0,"assets":[],"layers":[{"ddd":0,"ind":1,"ty":4,"nm":"Shape Layer 1","sr":1,"ks":{"o":{"a":0,"k":100,"ix":11},"r":{"a":0,"k":0,"ix":10},"p":{"a":0,"k":[50.5,49,0],"ix":2,"l":2},"a":{"a":0,"k":[0.5,-1,0],"ix":1,"l":2},"s":{"a":0,"k":[100,100,100],"ix":6,"l":2}},"ao":0,"shapes":[{"ty":"gr","it":[{"ind":0,"ty":"sh","ix":1,"ks":{"a":0,"k":{"i":[[0,0],[0,0],[0,0]],"o":[[0,0],[0,0],[0,0]],"v":[[-8.25,0.125],[-3.25,6],[8.625,-6]],"c":false},"ix":2},"nm":"Path 1","mn":"ADBE Vector Shape - Group","hd":false},{"ty":"st","c":{"a":0,"k":[0.231372563979,0.415686304429,1,1],"ix":3},"o":{"a":0,"k":100,"ix":4},"w":{"a":0,"k":7,"ix":5},"lc":2,"lj":2,"bm":0,"nm":"Stroke 1","mn":"ADBE Vector Graphic - Stroke","hd":false},{"ty":"tm","s":{"a":0,"k":0,"ix":1},"e":{"a":1,"k":[{"i":{"x":[0.077],"y":[1]},"o":{"x":[0.013],"y":[0.108]},"t":10,"s":[0]},{"t":33,"s":[100]}],"ix":2},"o":{"a":0,"k":0,"ix":3},"m":1,"ix":4,"nm":"Trim Paths 1","mn":"ADBE Vector Filter - Trim","hd":false},{"ty":"tr","p":{"a":0,"k":[0,0],"ix":2},"a":{"a":0,"k":[0,0],"ix":1},"s":{"a":0,"k":[100,100],"ix":3},"r":{"a":0,"k":0,"ix":6},"o":{"a":0,"k":100,"ix":7},"sk":{"a":0,"k":0,"ix":4},"sa":{"a":0,"k":0,"ix":5},"nm":"Transform"}],"nm":"Shape 1","np":4,"cix":2,"bm":0,"ix":1,"mn":"ADBE Vector Group","hd":false}],"ip":0,"op":300,"st":0,"ct":1,"bm":0},{"ddd":0,"ind":3,"ty":4,"nm":"circle 02","sr":1,"ks":{"o":{"a":0,"k":100,"ix":11},"r":{"a":0,"k":0,"ix":10},"p":{"a":0,"k":[50,49.975,0],"ix":2,"l":2},"a":{"a":0,"k":[0,0,0],"ix":1,"l":2},"s":{"a":1,"k":[{"i":{"x":[0.077,0.077,0.667],"y":[1,1,1]},"o":{"x":[0.013,0.013,0.333],"y":[0.108,0.108,0]},"t":5,"s":[0,0,100]},{"t":28,"s":[100,100,100]}],"ix":6,"l":2}},"ao":0,"shapes":[{"ty":"gr","it":[{"ind":0,"ty":"sh","ix":1,"ks":{"a":0,"k":{"i":[[-14.387,0],[0,-14.387],[14.387,0],[0,14.387]],"o":[[14.387,0],[0,14.387],[-14.387,0],[0,-14.387]],"v":[[0,-26.05],[26.05,0],[0,26.05],[-26.05,0]],"c":true},"ix":2},"nm":"Path 1","mn":"ADBE Vector Shape - Group","hd":false},{"ty":"fl","c":{"a":0,"k":[0.929411768913,0.921568632126,0.917647063732,1],"ix":4},"o":{"a":0,"k":100,"ix":5},"r":1,"bm":0,"nm":"Fill 1","mn":"ADBE Vector Graphic - Fill","hd":false},{"ty":"tr","p":{"a":0,"k":[0,0],"ix":2},"a":{"a":0,"k":[0,0],"ix":1},"s":{"a":0,"k":[100,100],"ix":3},"r":{"a":0,"k":0,"ix":6},"o":{"a":0,"k":100,"ix":7},"sk":{"a":0,"k":0,"ix":4},"sa":{"a":0,"k":0,"ix":5},"nm":"Transform"}],"nm":"circle 02","np":2,"cix":2,"bm":0,"ix":1,"mn":"ADBE Vector Group","hd":false}],"ip":0,"op":300,"st":0,"ct":1,"bm":0},{"ddd":0,"ind":4,"ty":4,"nm":"circle 01","sr":1,"ks":{"o":{"a":0,"k":100,"ix":11},"r":{"a":0,"k":0,"ix":10},"p":{"a":0,"k":[50,50.009,0],"ix":2,"l":2},"a":{"a":0,"k":[0,0,0],"ix":1,"l":2},"s":{"a":1,"k":[{"i":{"x":[0.077,0.077,0.667],"y":[1,1,1]},"o":{"x":[0.013,0.013,0.333],"y":[0.108,0.108,0]},"t":0,"s":[0,0,100]},{"t":23,"s":[100,100,100]}],"ix":6,"l":2}},"ao":0,"shapes":[{"ty":"gr","it":[{"ind":0,"ty":"sh","ix":1,"ks":{"a":0,"k":{"i":[[0,0],[-0.001,0.411],[0,0],[3.933,0.004],[0,0],[0.289,0.289],[0,0],[2.819,-2.694],[0,0],[0.407,0],[0,0],[0.005,-3.933],[0,0],[0.29,-0.289],[0,0],[-2.772,-2.786],[0,0],[0.001,-0.411],[0,0],[-3.933,-0.004],[0,0],[-0.289,-0.289],[0,0],[-2.783,2.779],[-0.002,0.002],[0,0],[-0.407,0],[0,0],[-0.005,3.933],[0,0],[-0.292,0.29],[0,0],[2.772,2.786]],"o":[[-0.292,-0.29],[0,0],[-0.005,-3.933],[0,0],[-0.409,0],[0,0],[-2.818,-2.695],[0,0],[-0.289,0.287],[0,0],[-3.933,0.004],[0,0],[0.001,0.41],[0,0],[-2.77,2.788],[0,0],[0.292,0.29],[0,0],[0.005,3.933],[0,0],[0.409,0],[0,0],[2.779,2.783],[0.002,-0.002],[0,0],[0.289,-0.287],[0,0],[3.933,-0.004],[0,0],[-0.001,-0.411],[0,0],[2.77,-2.788],[0,0]],"v":[[30.829,-12.16],[30.375,-13.255],[30.375,-23.284],[23.248,-30.409],[13.221,-30.409],[12.131,-30.861],[5.041,-37.95],[-5.037,-37.952],[-12.135,-30.858],[-13.221,-30.409],[-23.248,-30.409],[-30.375,-23.284],[-30.375,-13.255],[-30.826,-12.163],[-37.923,-5.071],[-37.92,5.005],[-30.829,12.092],[-30.375,13.188],[-30.375,23.216],[-23.248,30.341],[-13.221,30.341],[-12.131,30.794],[-5.041,37.882],[5.032,37.89],[5.037,37.884],[12.135,30.79],[13.222,30.341],[23.248,30.341],[30.375,23.216],[30.375,13.188],[30.829,12.092],[37.923,5.003],[37.92,-5.073]],"c":true},"ix":2},"nm":"Path 1","mn":"ADBE Vector Shape - Group","hd":false},{"ty":"fl","c":{"a":0,"k":[0.23137255013,0.415686279535,1,1],"ix":4},"o":{"a":0,"k":100,"ix":5},"r":1,"bm":0,"nm":"Fill 1","mn":"ADBE Vector Graphic - Fill","hd":false},{"ty":"tr","p":{"a":0,"k":[0,0],"ix":2},"a":{"a":0,"k":[0,0],"ix":1},"s":{"a":0,"k":[100,100],"ix":3},"r":{"a":0,"k":0,"ix":6},"o":{"a":0,"k":100,"ix":7},"sk":{"a":0,"k":0,"ix":4},"sa":{"a":0,"k":0,"ix":5},"nm":"Transform"}],"nm":"circle 01","np":2,"cix":2,"bm":0,"ix":1,"mn":"ADBE Vector Group","hd":false}],"ip":0,"op":300,"st":0,"ct":1,"bm":0}],"markers":[],"props":{}}